director_name,genres,movie_title,language,country,title_year,imdb_score
James Cameron,Action|Adventure|Fantasy|Sci-Fi,Avatar ,English,USA,2009,7.9
Gore Verbinski,Action|Adventure|Fantasy,Pirates of the Caribbean: At World's End ,English,USA,2007,7.1
Sam Mendes,Action|Adventure|Thriller,Spectre ,English,UK,2015,6.8
Christopher Nolan,Action|Thriller,The Dark Knight Rises ,English,USA,2012,8.5
Andrew Stanton,Action|Adventure|Sci-Fi,John Carter ,English,USA,2012,6.6
Sam Raimi,Action|Adventure|Romance,Spider-Man 3 ,English,USA,2007,6.2
Nathan Greno,Adventure|Animation|Comedy|Family|Fantasy|Musical|Romance,Tangled ,English,USA,2010,7.8
Joss Whedon,Action|Adventure|Sci-Fi,Avengers: Age of Ultron ,English,USA,2015,7.5
David Yates,Adventure|Family|Fantasy|Mystery,Harry Potter and the Half-Blood Prince ,English,UK,2009,7.5
Zack Snyder,Action|Adventure|Sci-Fi,Batman v Superman: Dawn of Justice ,English,USA,2016,6.9
Bryan Singer,Action|Adventure|Sci-Fi,Superman Returns ,English,USA,2006,6.1
Marc Forster,Action|Adventure,Quantum of Solace ,English,UK,2008,6.7
Gore Verbinski,Action|Adventure|Fantasy,Pirates of the Caribbean: Dead Man's Chest ,English,USA,2006,7.3
Gore Verbinski,Action|Adventure|Western,The Lone Ranger ,English,USA,2013,6.5
Zack Snyder,Action|Adventure|Fantasy|Sci-Fi,Man of Steel ,English,USA,2013,7.2
Andrew Adamson,Action|Adventure|Family|Fantasy,The Chronicles of Narnia: Prince Caspian ,English,USA,2008,6.6
Joss Whedon,Action|Adventure|Sci-Fi,The Avengers ,English,USA,2012,8.1
Rob Marshall,Action|Adventure|Fantasy,Pirates of the Caribbean: On Stranger Tides ,English,USA,2011,6.7
Barry Sonnenfeld,Action|Adventure|Comedy|Family|Fantasy|Sci-Fi,Men in Black 3 ,English,USA,2012,6.8
Peter Jackson,Adventure|Fantasy,The Hobbit: The Battle of the Five Armies ,English,New Zealand,2014,7.5
Marc Webb,Action|Adventure|Fantasy,The Amazing Spider-Man ,English,USA,2012,7
Ridley Scott,Action|Adventure|Drama|History,Robin Hood ,English,USA,2010,6.7
Peter Jackson,Adventure|Fantasy,The Hobbit: The Desolation of Smaug ,English,USA,2013,7.9
Chris Weitz,Adventure|Family|Fantasy,The Golden Compass ,English,USA,2007,6.1
Peter Jackson,Action|Adventure|Drama|Romance,King Kong ,English,New Zealand,2005,7.2
James Cameron,Drama|Romance,Titanic ,English,USA,1997,7.7
Anthony Russo,Action|Adventure|Sci-Fi,Captain America: Civil War ,English,USA,2016,8.2
Peter Berg,Action|Adventure|Sci-Fi|Thriller,Battleship ,English,USA,2012,5.9
Colin Trevorrow,Action|Adventure|Sci-Fi|Thriller,Jurassic World ,English,USA,2015,7
Sam Mendes,Action|Adventure|Thriller,Skyfall ,English,UK,2012,7.8
Sam Raimi,Action|Adventure|Fantasy|Romance,Spider-Man 2 ,English,USA,2004,7.3
Shane Black,Action|Adventure|Sci-Fi,Iron Man 3 ,English,USA,2013,7.2
Tim Burton,Adventure|Family|Fantasy,Alice in Wonderland ,English,USA,2010,6.5
Brett Ratner,Action|Adventure|Fantasy|Sci-Fi|Thriller,X-Men: The Last Stand ,English,Canada,2006,6.8
Dan Scanlon,Adventure|Animation|Comedy|Family|Fantasy,Monsters University ,English,USA,2013,7.3
Michael Bay,Action|Adventure|Sci-Fi,Transformers: Revenge of the Fallen ,English,USA,2009,6
Michael Bay,Action|Adventure|Sci-Fi,Transformers: Age of Extinction ,English,USA,2014,5.7
Sam Raimi,Adventure|Family|Fantasy,Oz the Great and Powerful ,English,USA,2013,6.4
Marc Webb,Action|Adventure|Fantasy|Sci-Fi,The Amazing Spider-Man 2 ,English,USA,2014,6.7
Joseph Kosinski,Action|Adventure|Sci-Fi,TRON: Legacy ,English,USA,2010,6.8
John Lasseter,Adventure|Animation|Comedy|Family|Sport,Cars 2 ,English,USA,2011,6.3
Martin Campbell,Action|Adventure|Sci-Fi,Green Lantern ,English,USA,2011,5.6
Lee Unkrich,Adventure|Animation|Comedy|Family|Fantasy,Toy Story 3 ,English,USA,2010,8.3
McG,Action|Adventure|Sci-Fi,Terminator Salvation ,English,USA,2009,6.6
James Wan,Action|Crime|Thriller,Furious 7 ,English,USA,2015,7.2
Marc Forster,Action|Adventure|Horror|Sci-Fi|Thriller,World War Z ,English,USA,2013,7
Bryan Singer,Action|Adventure|Fantasy|Sci-Fi|Thriller,X-Men: Days of Future Past ,English,USA,2014,8
J.J. Abrams,Action|Adventure|Sci-Fi,Star Trek Into Darkness ,English,USA,2013,7.8
Bryan Singer,Adventure|Fantasy,Jack the Giant Slayer ,English,USA,2013,6.3
Baz Luhrmann,Drama|Romance,The Great Gatsby ,English,Australia,2013,7.3
Mike Newell,Action|Adventure|Fantasy|Romance,Prince of Persia: The Sands of Time ,English,USA,2010,6.6
Guillermo del Toro,Action|Adventure|Sci-Fi,Pacific Rim ,English,USA,2013,7
Michael Bay,Action|Adventure|Sci-Fi,Transformers: Dark of the Moon ,English,USA,2011,6.3
Steven Spielberg,Action|Adventure|Fantasy,Indiana Jones and the Kingdom of the Crystal Skull ,English,USA,2008,6.2
Peter Sohn,Adventure|Animation|Comedy|Family|Fantasy,The Good Dinosaur ,English,USA,2015,6.8
Mark Andrews,Adventure|Animation|Comedy|Family|Fantasy,Brave ,English,USA,2012,7.2
Justin Lin,Action|Adventure|Sci-Fi|Thriller,Star Trek Beyond ,English,USA,2016,7.5
Andrew Stanton,Adventure|Animation|Family|Sci-Fi,WALL·E ,English,USA,2008,8.4
Brett Ratner,Action|Comedy|Crime|Thriller,Rush Hour 3 ,English,USA,2007,6.2
Roland Emmerich,Action|Adventure|Sci-Fi,2012 ,English,USA,2009,5.8
Robert Zemeckis,Animation|Drama|Family|Fantasy,A Christmas Carol ,English,USA,2009,6.8
Lana Wachowski,Action|Adventure|Sci-Fi,Jupiter Ascending ,English,USA,2015,5.4
David Yates,Action|Adventure|Drama|Romance,The Legend of Tarzan ,English,USA,2016,6.6
Andrew Adamson,Adventure|Family|Fantasy,"The Chronicles of Narnia: The Lion, the Witch and the Wardrobe ",English,USA,2005,6.9
Bryan Singer,Action|Adventure|Sci-Fi,X-Men: Apocalypse ,English,USA,2016,7.3
Christopher Nolan,Action|Crime|Drama|Thriller,The Dark Knight ,English,USA,2008,9
Pete Docter,Adventure|Animation|Comedy|Family,Up ,English,USA,2009,8.3
Rob Letterman,Action|Adventure|Animation|Comedy|Family|Sci-Fi,Monsters vs. Aliens ,English,USA,2009,6.5
Jon Favreau,Action|Adventure|Sci-Fi,Iron Man ,English,USA,2008,7.9
Martin Scorsese,Adventure|Drama|Family|Mystery,Hugo ,English,USA,2011,7.5
Barry Sonnenfeld,Action|Comedy|Sci-Fi|Western,Wild Wild West ,English,USA,1999,4.8
Rob Cohen,Action|Adventure|Fantasy|Horror|Thriller,The Mummy: Tomb of the Dragon Emperor ,English,USA,2008,5.2
David Ayer,Action|Adventure|Comedy|Sci-Fi,Suicide Squad ,English,USA,2016,6.9
Tom Shadyac,Comedy|Family|Fantasy,Evan Almighty ,English,USA,2007,5.4
Doug Liman,Action|Adventure|Sci-Fi,Edge of Tomorrow ,English,USA,2014,7.9
Kevin Reynolds,Action|Adventure|Sci-Fi|Thriller,Waterworld ,English,USA,1995,6.1
Stephen Sommers,Action|Adventure|Sci-Fi|Thriller,G.I. Joe: The Rise of Cobra ,English,USA,2009,5.8
Pete Docter,Adventure|Animation|Comedy|Drama|Family|Fantasy,Inside Out ,English,USA,2015,8.3
Jon Favreau,Adventure|Drama|Family|Fantasy,The Jungle Book ,English,UK,2016,7.8
Jon Favreau,Action|Adventure|Sci-Fi,Iron Man 2 ,English,USA,2010,7
Rupert Sanders,Action|Adventure|Drama|Fantasy,Snow White and the Huntsman ,English,USA,2012,6.1
Robert Stromberg,Action|Adventure|Family|Fantasy|Romance,Maleficent ,English,USA,2014,7
Matt Reeves,Action|Adventure|Drama|Sci-Fi,Dawn of the Planet of the Apes ,English,USA,2014,7.6
Carl Rinsch,Action|Adventure|Drama|Fantasy,47 Ronin ,English,USA,2013,6.3
Anthony Russo,Action|Adventure|Sci-Fi,Captain America: The Winter Soldier ,English,USA,2014,7.8
Mike Mitchell,Adventure|Animation|Comedy|Family|Fantasy,Shrek Forever After ,English,USA,2010,6.4
Brad Bird,Action|Adventure|Family|Mystery|Sci-Fi,Tomorrowland ,English,USA,2015,6.5
Don Hall,Action|Adventure|Animation|Comedy|Drama|Family|Sci-Fi,Big Hero 6 ,English,USA,2014,7.9
Rich Moore,Adventure|Animation|Comedy|Family|Sci-Fi,Wreck-It Ralph ,English,USA,2012,7.8
Robert Zemeckis,Adventure|Animation|Family|Fantasy,The Polar Express ,English,USA,2004,6.6
Roland Emmerich,Action|Adventure|Sci-Fi,Independence Day: Resurgence ,English,USA,2016,5.5
Dean DeBlois,Adventure|Animation|Family|Fantasy,How to Train Your Dragon ,English,USA,2010,8.2
Jonathan Mostow,Action|Sci-Fi,Terminator 3: Rise of the Machines ,English,USA,2003,6.4
James Gunn,Action|Adventure|Sci-Fi,Guardians of the Galaxy ,English,USA,2014,8.1
Christopher Nolan,Adventure|Drama|Sci-Fi,Interstellar ,English,USA,2014,8.6
Christopher Nolan,Action|Adventure|Sci-Fi|Thriller,Inception ,English,USA,2010,8.8
Peter Jackson,Adventure|Fantasy,The Hobbit: An Unexpected Journey ,English,USA,2012,7.9
Rob Cohen,Action|Crime|Thriller,The Fast and the Furious ,English,USA,2001,6.7
David Fincher,Drama|Fantasy|Romance,The Curious Case of Benjamin Button ,English,USA,2008,7.8
Matthew Vaughn,Action|Adventure|Sci-Fi,X-Men: First Class ,English,USA,2011,7.8
Francis Lawrence,Adventure|Sci-Fi,The Hunger Games: Mockingjay - Part 2 ,English,USA,2015,6.6
Jon Turteltaub,Action|Adventure|Family|Fantasy,The Sorcerer's Apprentice ,English,USA,2010,6.1
Wolfgang Petersen,Action|Adventure|Drama|Thriller,Poseidon ,English,USA,2006,5.6
James Bobin,Adventure|Family|Fantasy,Alice Through the Looking Glass ,English,USA,2016,6.4
Chris Miller,Adventure|Animation|Comedy|Family|Fantasy,Shrek the Third ,English,USA,2007,6.1
Duncan Jones,Action|Adventure|Fantasy,Warcraft ,English,USA,2016,7.3
Alan Taylor,Action|Adventure|Sci-Fi,Terminator Genisys ,English,USA,2015,6.6
Michael Apted,Adventure|Family|Fantasy,The Chronicles of Narnia: The Voyage of the Dawn Treader ,English,USA,2010,6.3
Michael Bay,Action|Drama|History|Romance|War,Pearl Harbor ,English,USA,2001,6.1
Michael Bay,Action|Adventure|Sci-Fi,Transformers ,English,USA,2007,7.1
Oliver Stone,Action|Adventure|Biography|Drama|History|Romance|War,Alexander ,English,Germany,2004,5.5
David Yates,Adventure|Family|Fantasy|Mystery,Harry Potter and the Order of the Phoenix ,English,UK,2007,7.5
Mike Newell,Adventure|Family|Fantasy|Mystery,Harry Potter and the Goblet of Fire ,English,UK,2005,7.6
Peter Berg,Action|Drama,Hancock ,English,USA,2008,6.4
Francis Lawrence,Drama|Horror|Sci-Fi,I Am Legend ,English,USA,2007,7.2
Tim Burton,Adventure|Comedy|Family|Fantasy,Charlie and the Chocolate Factory ,English,USA,2005,6.7
Brad Bird,Animation|Comedy|Family|Fantasy,Ratatouille ,English,USA,2007,8
Christopher Nolan,Action|Adventure,Batman Begins ,English,USA,2005,8.3
Eric Darnell,Action|Adventure|Animation|Comedy|Family,Madagascar: Escape 2 Africa ,English,USA,2008,6.7
Shawn Levy,Adventure|Comedy|Family|Fantasy,Night at the Museum: Battle of the Smithsonian ,English,USA,2009,5.9
Gavin Hood,Action|Adventure|Fantasy|Sci-Fi|Thriller,X-Men Origins: Wolverine ,English,USA,2009,6.7
Lana Wachowski,Action|Sci-Fi,The Matrix Revolutions ,English,Australia,2003,6.7
Chris Buck,Adventure|Animation|Comedy|Family|Fantasy|Musical,Frozen ,English,USA,2013,7.6
Lana Wachowski,Action|Sci-Fi,The Matrix Reloaded ,English,USA,2003,7.2
Alan Taylor,Action|Adventure|Fantasy,Thor: The Dark World ,English,USA,2013,7.1
George Miller,Action|Adventure|Sci-Fi|Thriller,Mad Max: Fury Road ,English,Australia,2015,8.1
Ron Howard,Mystery|Thriller,Angels & Demons ,English,USA,2009,6.7
Kenneth Branagh,Action|Adventure|Fantasy,Thor ,English,USA,2011,7
Byron Howard,Adventure|Animation|Comedy|Drama|Family,Bolt ,English,USA,2008,6.9
Hoyt Yeatman,Action|Adventure|Animation|Comedy|Family|Fantasy|Sci-Fi,G-Force ,English,USA,2009,5.1
Jonathan Liebesman,Action|Adventure|Fantasy,Wrath of the Titans ,English,USA,2012,5.8
Tim Burton,Comedy|Fantasy|Horror,Dark Shadows ,English,USA,2012,6.2
Christopher McQuarrie,Action|Adventure|Thriller,Mission: Impossible - Rogue Nation ,English,China,2015,7.4
Joe Johnston,Drama|Fantasy|Horror|Thriller,The Wolfman ,English,USA,2010,5.8
David Yates,Action|Adventure|Drama|Romance,The Legend of Tarzan ,English,USA,2016,6.6
Steve Hickner,Adventure|Animation|Comedy|Family,Bee Movie ,English,USA,2007,6.2
Jennifer Yuh Nelson,Action|Adventure|Animation|Comedy|Family,Kung Fu Panda 2 ,English,USA,2011,7.3
M. Night Shyamalan,Action|Adventure|Family|Fantasy,The Last Airbender ,English,USA,2010,4.2
J.J. Abrams,Action|Adventure|Thriller,Mission: Impossible III ,English,USA,2006,6.9
Roland Emmerich,Action|Drama|Thriller,White House Down ,English,USA,2013,6.4
Simon Wells,Action|Adventure|Animation|Comedy|Family|Sci-Fi,Mars Needs Moms ,English,USA,2011,5.4
David Bowers,Adventure|Animation|Comedy|Family,Flushed Away ,English,UK,2006,6.7
Joe Wright,Adventure|Family|Fantasy,Pan ,English,USA,2015,5.8
Rob Minkoff,Adventure|Animation|Comedy|Family|Sci-Fi,Mr. Peabody & Sherman ,English,USA,2014,6.9
Wolfgang Petersen,Adventure,Troy ,English,USA,2004,7.2
Eric Darnell,Adventure|Animation|Comedy|Family,Madagascar 3: Europe's Most Wanted ,English,USA,2012,6.9
Lee Tamahori,Action|Adventure|Thriller,Die Another Day ,English,UK,2002,6.1
Paul Feig,Action|Comedy|Fantasy|Sci-Fi,Ghostbusters ,English,USA,2016,5.5
Michael Bay,Action|Adventure|Sci-Fi|Thriller,Armageddon ,English,USA,1998,6.6
Barry Sonnenfeld,Action|Adventure|Comedy|Family|Fantasy|Mystery|Sci-Fi,Men in Black II ,English,USA,2002,6.1
Robert Zemeckis,Action|Adventure|Animation|Fantasy,Beowulf ,English,USA,2007,6.3
Alessandro Carloni,Action|Adventure|Animation|Comedy|Family,Kung Fu Panda 3 ,English,USA,2016,7.2
Brad Bird,Action|Adventure|Thriller,Mission: Impossible - Ghost Protocol ,English,USA,2011,7.4
Peter Ramsey,Adventure|Animation|Family|Fantasy,Rise of the Guardians ,English,USA,2012,7.3
Dean Parisot,Comedy|Crime,Fun with Dick and Jane ,English,USA,2005,6.1
Edward Zwick,Action|Drama|History|War,The Last Samurai ,English,USA,2003,7.7
Ridley Scott,Action|Adventure|Drama,Exodus: Gods and Kings ,English,UK,2014,6.1
J.J. Abrams,Action|Adventure|Sci-Fi,Star Trek ,English,USA,2009,8
Sam Raimi,Action|Adventure|Fantasy|Romance,Spider-Man ,English,USA,2002,7.3
Dean DeBlois,Action|Adventure|Animation|Comedy|Family|Fantasy,How to Train Your Dragon 2 ,English,USA,2014,7.9
Alex Proyas,Action|Adventure|Fantasy,Gods of Egypt ,English,USA,2016,5.5
Rob Cohen,Action|Adventure|Sci-Fi|Thriller,Stealth ,English,USA,2005,5
Zack Snyder,Action|Drama|Mystery|Sci-Fi,Watchmen ,English,USA,2009,7.7
Richard Donner,Action|Crime|Thriller,Lethal Weapon 4 ,English,USA,1998,6.6
Ang Lee,Action|Sci-Fi,Hulk ,English,USA,2003,5.7
Jon M. Chu,Action|Adventure|Sci-Fi|Thriller,G.I. Joe: Retaliation ,English,USA,2013,5.8
Breck Eisner,Action|Adventure|Comedy|Thriller,Sahara ,English,UK,2005,6
Hironobu Sakaguchi,Action|Adventure|Animation|Fantasy|Romance|Sci-Fi,Final Fantasy: The Spirits Within ,English,USA,2001,6.4
Joe Johnston,Action|Adventure|Sci-Fi,Captain America: The First Avenger ,English,USA,2011,6.9
Michael Apted,Action|Adventure|Thriller,The World Is Not Enough ,English,UK,1999,6.4
Peter Weir,Action|Adventure|Drama|History|War,Master and Commander: The Far Side of the World ,English,USA,2003,7.4
Bill Condon,Adventure|Drama|Fantasy|Romance,The Twilight Saga: Breaking Dawn - Part 2 ,English,USA,2012,5.5
George Miller,Animation|Comedy|Family|Musical,Happy Feet 2 ,English,Australia,2011,5.9
Louis Leterrier,Action|Adventure|Sci-Fi,The Incredible Hulk ,English,USA,2008,6.8
Steven Spielberg,Adventure|Family|Fantasy,The BFG ,English,UK,2016,6.8
Alejandro G. Iñárritu,Adventure|Drama|Thriller|Western,The Revenant ,English,USA,2015,8.1
David Soren,Adventure|Animation|Comedy|Family|Sport,Turbo ,English,USA,2013,6.5
Gore Verbinski,Adventure|Animation|Comedy|Family|Western,Rango ,English,USA,2011,7.2
Eric Darnell,Adventure|Animation|Comedy|Family,Penguins of Madagascar ,English,USA,2014,6.7
Paul Greengrass,Action|Mystery|Thriller,The Bourne Ultimatum ,English,USA,2007,8.1
Mark Osborne,Action|Adventure|Animation|Comedy|Family,Kung Fu Panda ,English,USA,2008,7.6
Peyton Reed,Action|Adventure|Comedy|Sci-Fi,Ant-Man ,English,USA,2015,7.4
Francis Lawrence,Adventure|Sci-Fi|Thriller,The Hunger Games: Catching Fire ,English,USA,2013,7.6
Bill Condon,Adventure|Drama|Fantasy|Romance,The Twilight Saga: Breaking Dawn - Part 2 ,English,USA,2012,5.5
Tim Johnson,Adventure|Animation|Comedy|Family|Fantasy|Sci-Fi,Home ,English,USA,2015,6.7
Steven Spielberg,Adventure|Sci-Fi|Thriller,War of the Worlds ,English,USA,2005,6.5
Michael Bay,Action|Comedy|Crime|Thriller,Bad Boys II ,English,USA,2003,6.6
Chris Miller,Action|Adventure|Animation|Comedy|Family|Fantasy,Puss in Boots ,English,USA,2011,6.7
Phillip Noyce,Action|Crime|Mystery|Thriller,Salt ,English,USA,2010,6.4
Darren Aronofsky,Action|Adventure|Drama,Noah ,English,USA,2014,5.8
Steven Spielberg,Action|Adventure|Family|Mystery,The Adventures of Tintin ,English,USA,2011,7.4
Alfonso Cuarón,Adventure|Family|Fantasy|Mystery,Harry Potter and the Prisoner of Azkaban ,English,UK,2004,7.8
Baz Luhrmann,Adventure|Drama|Romance|War,Australia ,English,Australia,2008,6.6
M. Night Shyamalan,Action|Adventure|Sci-Fi,After Earth ,English,USA,2013,4.9
Eric Leighton,Adventure|Animation|Family|Thriller,Dinosaur ,English,USA,2000,6.5
Shawn Levy,Adventure|Comedy|Family|Fantasy,Night at the Museum: Secret of the Tomb ,English,USA,2014,6.2
Tom McGrath,Action|Animation|Comedy|Family|Sci-Fi,Megamind ,English,USA,2010,7.3
Chris Columbus,Adventure|Family|Fantasy,Harry Potter and the Sorcerer's Stone ,English,UK,2001,7.5
Robert Schwentke,Action|Comedy|Fantasy,R.I.P.D. ,English,USA,2013,5.6
Gore Verbinski,Action|Adventure|Fantasy,Pirates of the Caribbean: The Curse of the Black Pearl ,English,USA,2003,8.1
Francis Lawrence,Adventure|Sci-Fi|Thriller,The Hunger Games: Mockingjay - Part 1 ,English,USA,2014,6.7
Ron Howard,Mystery|Thriller,The Da Vinci Code ,English,USA,2006,6.6
Carlos Saldanha,Adventure|Animation|Comedy|Family|Musical,Rio 2 ,English,USA,2014,6.4
Bryan Singer,Action|Adventure|Fantasy|Sci-Fi|Thriller,X-Men 2 ,English,Canada,2003,7.5
Justin Lin,Action|Crime|Thriller,Fast Five ,English,USA,2011,7.3
Guy Ritchie,Action|Adventure|Crime|Mystery|Thriller,Sherlock Holmes: A Game of Shadows ,English,USA,2011,7.5
Louis Leterrier,Action|Adventure|Fantasy,Clash of the Titans ,English,USA,2010,5.8
Paul Verhoeven,Action|Sci-Fi,Total Recall ,English,USA,1990,7.5
John McTiernan,Action|Adventure|History,The 13th Warrior ,English,USA,1999,6.6
Tony Gilroy,Action|Adventure|Thriller,The Bourne Legacy ,English,USA,2012,6.7
Joel Schumacher,Action,Batman & Robin ,English,USA,1997,3.7
Ron Howard,Comedy|Family|Fantasy,How the Grinch Stole Christmas ,English,USA,2000,6
Roland Emmerich,Action|Adventure|Sci-Fi|Thriller,The Day After Tomorrow ,English,USA,2004,6.4
John Woo,Action|Adventure|Thriller,Mission: Impossible II ,English,USA,2000,6.1
Wolfgang Petersen,Action|Adventure|Drama|Thriller,The Perfect Storm ,English,USA,2000,6.4
Tim Story,Action|Adventure|Sci-Fi|Thriller,Fantastic 4: Rise of the Silver Surfer ,English,USA,2007,5.6
Ang Lee,Adventure|Drama|Fantasy,Life of Pi ,English,USA,2012,8
Mark Steven Johnson,Action|Fantasy|Thriller,Ghost Rider ,English,USA,2007,5.2
Paul Greengrass,Action|Thriller,Jason Bourne ,English,UK,2016,7.1
McG,Action|Adventure|Comedy|Crime,Charlie's Angels: Full Throttle ,English,USA,2003,4.8
Ridley Scott,Adventure|Mystery|Sci-Fi,Prometheus ,English,USA,2012,7
Rob Minkoff,Adventure|Animation|Comedy|Family|Fantasy,Stuart Little 2 ,English,USA,2002,5.4
Neill Blomkamp,Action|Drama|Sci-Fi|Thriller,Elysium ,English,USA,2013,6.6
David Twohy,Action|Adventure|Sci-Fi|Thriller,The Chronicles of Riddick ,English,USA,2004,6.7
José Padilha,Action|Crime|Sci-Fi|Thriller,RoboCop ,English,USA,2014,6.2
Lana Wachowski,Action|Family|Sport,Speed Racer ,English,USA,2008,6.1
James L. Brooks,Comedy|Drama|Romance,How Do You Know ,English,USA,2010,5.3
James Mangold,Action|Comedy|Romance,Knight and Day ,English,USA,2010,6.3
Joseph Kosinski,Action|Adventure|Mystery|Sci-Fi,Oblivion ,English,USA,2013,7
George Lucas,Action|Adventure|Fantasy|Sci-Fi,Star Wars: Episode III - Revenge of the Sith ,English,USA,2005,7.6
George Lucas,Action|Adventure|Fantasy|Sci-Fi,Star Wars: Episode II - Attack of the Clones ,English,USA,2002,6.7
Pete Docter,Adventure|Animation|Comedy|Family|Fantasy,"Monsters, Inc. ",English,USA,2001,8.1
James Mangold,Action|Adventure|Sci-Fi|Thriller,The Wolverine ,English,USA,2013,6.7
George Lucas,Action|Adventure|Fantasy|Sci-Fi,Star Wars: Episode I - The Phantom Menace ,English,USA,1999,6.5
Kirk De Micco,Adventure|Animation|Comedy|Family|Fantasy,The Croods ,English,USA,2013,7.3
John Woo,Action|Drama|War,Windtalkers ,English,USA,2002,6
Cedric Nicolas-Troyan,Action|Adventure|Drama|Fantasy,The Huntsman: Winter's War ,English,USA,2016,6.1
Jonathan Liebesman,Action|Adventure|Comedy|Sci-Fi,Teenage Mutant Ninja Turtles ,English,USA,2014,5.9
Alfonso Cuarón,Adventure|Drama|Sci-Fi|Thriller,Gravity ,English,UK,2013,7.8
Roger Donaldson,Action|Adventure|Thriller,Dante's Peak ,English,USA,1997,5.8
Dave Green,Action|Adventure|Comedy|Sci-Fi,Teenage Mutant Ninja Turtles: Out of the Shadows ,English,USA,2016,6.3
Josh Trank,Action|Adventure|Sci-Fi,Fantastic Four ,English,USA,2015,4.3
Shawn Levy,Action|Adventure|Comedy|Family|Fantasy,Night at the Museum ,English,USA,2006,6.4
Brad Peyton,Action|Adventure|Drama|Thriller,San Andreas ,English,USA,2015,6.1
Roger Spottiswoode,Action|Adventure|Thriller,Tomorrow Never Dies ,English,UK,1997,6.5
Roland Emmerich,Action|Drama|History|War,The Patriot ,English,USA,2000,7.1
Steven Soderbergh,Crime|Thriller,Ocean's Twelve ,English,USA,2004,6.4
Doug Liman,Action|Comedy|Crime|Romance|Thriller,Mr. & Mrs. Smith ,English,USA,2005,6.5
Robert Schwentke,Adventure|Sci-Fi|Thriller,Insurgent ,English,USA,2015,6.3
Martin Scorsese,Biography|Drama,The Aviator ,English,USA,2004,7.5
Rob Letterman,Adventure|Comedy|Family|Fantasy,Gulliver's Travels ,English,USA,2010,4.9
Michel Gondry,Action|Comedy|Crime|Sci-Fi|Thriller,The Green Hornet ,English,USA,2011,5.8
Noam Murro,Action|Drama|Fantasy|War,300: Rise of an Empire ,English,USA,2014,6.2
Raja Gosnell,Adventure|Animation|Comedy|Family|Fantasy,The Smurfs ,English,USA,2011,5.5
Will Finn,Animation|Comedy|Family|Music|Western,Home on the Range ,English,USA,2004,5.4
Robert Schwentke,Action|Adventure|Mystery|Sci-Fi|Thriller,Allegiant ,English,USA,2016,5.8
Shawn Levy,Action|Drama|Sci-Fi|Sport,Real Steel ,English,USA,2011,7.1
Raja Gosnell,Adventure|Animation|Comedy|Family|Fantasy,The Smurfs 2 ,English,USA,2013,5.4
Jan de Bont,Action|Crime|Romance|Thriller,Speed 2: Cruise Control ,English,USA,1997,3.7
Gavin Hood,Action|Sci-Fi,Ender's Game ,English,USA,2013,6.7
Len Wiseman,Action|Adventure|Thriller,Live Free or Die Hard ,English,USA,2007,7.2
Peter Jackson,Action|Adventure|Drama|Fantasy,The Lord of the Rings: The Fellowship of the Ring ,English,New Zealand,2001,8.8
Frank Coraci,Action|Adventure|Comedy,Around the World in 80 Days ,English,USA,2004,5.8
Michael Mann,Biography|Drama|Sport,Ali ,English,USA,2001,6.8
Bo Welch,Adventure|Comedy|Family|Fantasy,The Cat in the Hat ,English,USA,2003,3.8
Alex Proyas,Action|Mystery|Sci-Fi|Thriller,"I, Robot ",English,USA,2004,7.1
Ridley Scott,Action|Adventure|Drama|History|War,Kingdom of Heaven ,English,USA,2005,7.2
Rob Minkoff,Adventure|Comedy|Family|Fantasy,Stuart Little ,English,Germany,1999,5.9
Ron Clements,Animation|Family|Fantasy|Musical|Romance,The Princess and the Frog ,English,USA,2009,7.1
Ridley Scott,Adventure|Drama|Sci-Fi,The Martian ,English,USA,2015,8.1
Michael Bay,Action|Adventure|Romance|Sci-Fi|Thriller,The Island ,English,USA,2005,6.9
Peter Chelsom,Comedy|Romance,Town & Country ,English,New Line,2001,4.4
Dominic Sena,Action|Crime|Thriller,Gone in Sixty Seconds ,English,USA,2000,6.5
Ridley Scott,Action|Drama|Romance,Gladiator ,English,USA,2000,8.5
Steven Spielberg,Action|Mystery|Sci-Fi|Thriller,Minority Report ,English,USA,2002,7.7
Chris Columbus,Adventure|Family|Fantasy|Mystery,Harry Potter and the Chamber of Secrets ,English,UK,2002,7.4
Martin Campbell,Action|Adventure|Thriller,Casino Royale ,English,UK,2006,8
Tim Burton,Action|Adventure|Sci-Fi|Thriller,Planet of the Apes ,English,USA,2001,5.7
James Cameron,Action|Sci-Fi,Terminator 2: Judgment Day ,English,USA,1991,8.5
Michael Mann,Biography|Crime|Drama|History|Romance,Public Enemies ,English,USA,2009,7
Ridley Scott,Biography|Crime|Drama,American Gangster ,English,USA,2007,7.8
James Cameron,Action|Comedy|Thriller,True Lies ,English,USA,1994,7.2
Tony Scott,Action|Crime|Thriller,The Taking of Pelham 1 2 3 ,English,USA,2009,6.4
Paul Weitz,Comedy|Romance,Little Fockers ,English,USA,2010,5.5
Adam McKay,Action|Comedy|Crime,The Other Guys ,English,USA,2010,6.7
Chuck Russell,Action|Drama|Mystery|Thriller,Eraser ,English,USA,1996,6.1
Quentin Tarantino,Drama|Western,Django Unchained ,English,USA,2012,8.5
Gary Trousdale,Animation|Drama|Family|Musical|Romance,The Hunchback of Notre Dame ,English,USA,1996,6.9
Mark Dindal,Adventure|Animation|Comedy|Family|Fantasy,The Emperor's New Groove ,English,USA,2000,7.3
Simon West,Action|Adventure|Thriller,The Expendables 2 ,English,USA,2012,6.7
Jon Turteltaub,Action|Adventure|Comedy|Family|Mystery,National Treasure ,English,USA,2004,6.9
Stefen Fangmeier,Action|Adventure|Family|Fantasy,Eragon ,English,USA,2006,5.1
Spike Jonze,Adventure|Drama|Family|Fantasy,Where the Wild Things Are ,English,Germany,2009,6.8
Joe Wright,Adventure|Family|Fantasy,Pan ,English,USA,2015,5.8
Chris Wedge,Adventure|Animation|Family|Fantasy,Epic ,English,USA,2013,6.7
Florian Henckel von Donnersmarck,Action|Romance|Thriller,The Tourist ,English,USA,2010,6
Peter Hyams,Action|Fantasy|Horror|Mystery,End of Days ,English,USA,1999,5.7
Edward Zwick,Adventure|Drama|Thriller,Blood Diamond ,English,Germany,2006,8
Martin Scorsese,Biography|Comedy|Crime|Drama,The Wolf of Wall Street ,English,USA,2013,8.2
Joel Schumacher,Action|Adventure|Fantasy,Batman Forever ,English,USA,1995,5.4
Paul Verhoeven,Action|Sci-Fi|War,Starship Troopers ,English,USA,1997,7.2
Tom Tykwer,Drama|Sci-Fi,Cloud Atlas ,English,Germany,2012,7.5
Zack Snyder,Action|Adventure|Animation|Family|Fantasy,Legend of the Guardians: The Owls of Ga'Hoole ,English,USA,2010,7
Pitof,Action|Crime|Fantasy|Romance|Thriller,Catwoman ,English,USA,2004,3.3
Brett Ratner,Action|Adventure,Hercules ,English,USA,2014,6
Ron Clements,Adventure|Animation|Family|Sci-Fi,Treasure Planet ,English,USA,2002,7.1
Brad Silberling,Adventure|Comedy|Sci-Fi,Land of the Lost ,English,USA,2009,5.4
Patrick Hughes,Action|Adventure|Thriller,The Expendables 3 ,English,USA,2014,6.1
Ericson Core,Action|Crime|Sport|Thriller,Point Break ,English,USA,2015,5.3
Lawrence Guterman,Comedy|Family|Fantasy,Son of the Mask ,English,USA,2005,2.2
Ron Howard,Action|Adventure|Biography|Drama|History|Thriller,In the Heart of the Sea ,English,USA,2015,7
Ron Underwood,Action|Comedy|Sci-Fi,The Adventures of Pluto Nash ,English,USA,2002,3.8
Paul Greengrass,Action|Drama|Thriller|War,Green Zone ,English,France,2010,6.9
Steve Martino,Adventure|Animation|Comedy|Family,The Peanuts Movie ,English,USA,2015,7.2
David Mamet,Drama|Mystery|Thriller,The Spanish Prisoner ,English,USA,1997,7.3
Stephen Sommers,Action|Adventure|Fantasy|Thriller,The Mummy Returns ,English,USA,2001,6.3
Martin Scorsese,Crime|Drama,Gangs of New York ,English,USA,2002,7.5
Yimou Zhang,Drama|History|Romance|War,The Flowers of War ,Mandarin,China,2011,7.6
Ash Brannon,Animation|Comedy|Family|Sport,Surf's Up ,English,USA,2007,6.8
Frank Oz,Comedy|Sci-Fi|Thriller,The Stepford Wives ,English,USA,2004,5.2
Ridley Scott,Drama|History|War,Black Hawk Down ,English,USA,2001,7.7
Jay Roach,Comedy,The Campaign ,English,USA,2012,6.2
Luc Besson,Action|Adventure|Sci-Fi,The Fifth Element ,English,France,1997,7.7
Michael Patrick King,Comedy|Drama|Romance,Sex and the City 2 ,English,USA,2010,4.3
Bibo Bergeron,Adventure|Animation|Comedy|Family|Romance,The Road to El Dorado ,English,USA,2000,6.9
Steve Martino,Adventure|Animation|Comedy|Family,Ice Age: Continental Drift ,English,USA,2012,6.6
Kenneth Branagh,Drama|Family|Fantasy|Romance,Cinderella ,English,USA,2015,7
Peter Jackson,Drama|Fantasy|Thriller,The Lovely Bones ,English,USA,2009,6.7
Andrew Stanton,Adventure|Animation|Comedy|Family,Finding Nemo ,English,USA,2003,8.2
Peter Jackson,Action|Adventure|Drama|Fantasy,The Lord of the Rings: The Return of the King ,English,USA,2003,8.9
Peter Jackson,Action|Adventure|Drama|Fantasy,The Lord of the Rings: The Two Towers ,English,USA,2002,8.7
Sergey Bodrov,Action|Adventure|Fantasy,Seventh Son ,English,USA,2014,5.5
Simon West,Action|Adventure|Fantasy|Thriller,Lara Croft: Tomb Raider ,English,USA,2001,5.7
Wally Pfister,Drama|Mystery|Romance|Sci-Fi|Thriller,Transcendence ,English,UK,2014,6.3
Joe Johnston,Action|Adventure|Sci-Fi|Thriller,Jurassic Park III ,English,USA,2001,5.9
Rupert Wyatt,Action|Drama|Sci-Fi|Thriller,Rise of the Planet of the Apes ,English,USA,2011,7.6
Mark Waters,Adventure|Family|Fantasy,The Spiderwick Chronicles ,English,USA,2008,6.6
John Moore,Action|Thriller,A Good Day to Die Hard ,English,USA,2013,5.3
John Lee Hancock,Drama|History|War|Western,The Alamo ,English,USA,2004,6
Brad Bird,Action|Adventure|Animation|Family,The Incredibles ,English,USA,2004,8
Renny Harlin,Action|Adventure|Comedy,Cutthroat Island ,English,USA,1995,5.6
Chris Columbus,Adventure|Family|Fantasy,Percy Jackson & the Olympians: The Lightning Thief ,English,UK,2010,5.9
Barry Sonnenfeld,Adventure|Comedy|Family|Mystery|Sci-Fi,Men in Black ,English,USA,1997,7.3
John Lasseter,Adventure|Animation|Comedy|Family|Fantasy,Toy Story 2 ,English,USA,1999,7.9
Tony Scott,Action|Thriller,Unstoppable ,English,USA,2010,6.8
Brett Ratner,Action|Comedy|Crime|Thriller,Rush Hour 2 ,English,USA,2001,6.6
Robert Zemeckis,Drama|Fantasy|Horror|Mystery|Thriller,What Lies Beneath ,English,USA,2000,6.6
Phil Lord,Animation|Comedy|Family|Sci-Fi,Cloudy with a Chance of Meatballs ,English,USA,2009,7
Carlos Saldanha,Action|Adventure|Animation|Comedy|Family,Ice Age: Dawn of the Dinosaurs ,English,USA,2009,7
Ben Stiller,Adventure|Comedy|Drama|Fantasy|Romance,The Secret Life of Walter Mitty ,English,USA,2013,7.3
McG,Action|Adventure|Comedy|Crime|Thriller,Charlie's Angels ,English,USA,2000,5.5
Martin Scorsese,Crime|Drama|Thriller,The Departed ,English,USA,2006,8.5
Tony Bancroft,Adventure|Animation|Family|Fantasy|Musical|War,Mulan ,English,USA,1998,7.5
Ben Stiller,Action|Comedy,Tropic Thunder ,English,USA,2008,7
David Fincher,Crime|Drama|Mystery|Thriller,The Girl with the Dragon Tattoo ,English,USA,2011,7.8
John McTiernan,Action|Adventure|Thriller,Die Hard with a Vengeance ,English,USA,1995,7.6
Guy Ritchie,Action|Adventure|Crime|Mystery|Thriller,Sherlock Holmes ,English,USA,2009,7.6
Gary Trousdale,Action|Adventure|Animation|Family|Fantasy|Sci-Fi,Atlantis: The Lost Empire ,English,USA,2001,6.8
Walt Becker,Adventure|Animation|Comedy|Family|Fantasy|Music,Alvin and the Chipmunks: The Road Chip ,English,USA,2015,5
Bryan Singer,Drama|History|Thriller|War,Valkyrie ,English,USA,2008,7.1
Dennis Dugan,Action|Comedy,You Don't Mess with the Zohan ,English,USA,2008,5.5
Chris Columbus,Action|Animation|Comedy|Sci-Fi,Pixels ,English,USA,2015,5.6
Steven Spielberg,Adventure|Drama|Sci-Fi,A.I. Artificial Intelligence ,English,USA,2001,7.1
Rob Minkoff,Comedy|Family|Fantasy|Horror|Mystery,The Haunted Mansion ,English,USA,2003,4.9
Robert Zemeckis,Drama|Mystery|Sci-Fi|Thriller,Contact ,English,USA,1997,7.4
Paul Verhoeven,Action|Horror|Sci-Fi|Thriller,Hollow Man ,English,USA,2000,5.7
Sydney Pollack,Crime|Mystery|Thriller,The Interpreter ,Aboriginal,UK,2005,6.4
Thor Freudenthal,Adventure|Family|Fantasy,Percy Jackson: Sea of Monsters ,English,USA,2013,5.9
Jan de Bont,Action|Adventure|Fantasy,Lara Croft Tomb Raider: The Cradle of Life ,English,USA,2003,5.5
Jon M. Chu,Action|Adventure|Comedy|Crime|Mystery|Thriller,Now You See Me 2 ,English,USA,2016,6.9
Phillip Noyce,Action|Adventure|Romance|Sci-Fi|Thriller,The Saint ,English,USA,1997,6.2
Tony Scott,Action|Crime|Thriller,Spy Game ,English,Germany,2001,7
Brian De Palma,Adventure|Sci-Fi|Thriller,Mission to Mars ,English,USA,2000,5.6
Carlos Saldanha,Adventure|Animation|Comedy|Family|Musical,Rio ,English,USA,2011,7
Chris Columbus,Comedy|Drama|Sci-Fi,Bicentennial Man ,English,USA,1999,6.8
Mick Jackson,Action|Drama|Sci-Fi|Thriller,Volcano ,English,USA,1997,5.4
Alan J. Pakula,Action|Crime|Drama|Thriller,The Devil's Own ,English,USA,1997,6.1
Kathryn Bigelow,Drama|History|Thriller|War,K-19: The Widowmaker ,English,UK,2002,6.7
Josh Trank,Action|Adventure|Sci-Fi,Fantastic Four ,English,USA,2015,4.3
John Milius,Adventure|Fantasy,Conan the Barbarian ,English,USA,1982,6.9
Ron Howard,Biography|Drama|Sport,Cinderella Man ,English,USA,2005,8
Andrey Konchalovskiy,Action|Family|Fantasy|Musical,The Nutcracker in 3D ,English,UK,2010,4.4
Gary Ross,Drama|History|Sport,Seabiscuit ,English,USA,2003,7.3
Jan de Bont,Action|Adventure|Drama|Thriller,Twister ,English,USA,1996,6.3
Rob Cohen,Action|Crime|Thriller,The Fast and the Furious ,English,USA,2001,6.7
Robert Zemeckis,Adventure|Drama|Romance,Cast Away ,English,USA,2000,7.7
George Miller,Animation|Comedy|Family|Music|Romance,Happy Feet ,English,USA,2006,6.5
Paul Greengrass,Action|Mystery|Thriller,The Bourne Supremacy ,English,USA,2004,7.8
Wolfgang Petersen,Action|Adventure|Drama|Thriller,Air Force One ,English,USA,1997,6.4
Steven Soderbergh,Crime|Thriller,Ocean's Eleven ,English,USA,2001,7.8
Paul W.S. Anderson,Action|Adventure|Romance,The Three Musketeers ,English,Germany,2011,5.8
Genndy Tartakovsky,Animation|Comedy|Family|Fantasy,Hotel Transylvania ,English,USA,2012,7.1
Kevin Lima,Animation|Comedy|Family|Fantasy|Musical|Romance,Enchanted ,English,USA,2007,7.1
Daniel Espinosa,Action|Crime|Mystery|Thriller,Safe House ,English,USA,2012,6.8
Kevin Lima,Adventure|Comedy|Family,102 Dalmatians ,English,USA,2000,4.8
Brett Ratner,Action|Comedy|Crime,Tower Heist ,English,USA,2011,6.2
Nancy Meyers,Comedy|Romance,The Holiday ,English,USA,2006,6.9
Tony Scott,Action|Crime|Drama|Mystery|Thriller,Enemy of the State ,English,USA,1998,7.3
Nancy Meyers,Comedy|Drama|Romance,It's Complicated ,English,USA,2009,6.6
Steven Soderbergh,Crime|Thriller,Ocean's Thirteen ,English,USA,2007,6.9
Roger Allers,Adventure|Animation|Comedy|Family,Open Season ,English,USA,2006,6.2
Neil Burger,Adventure|Mystery|Sci-Fi,Divergent ,English,USA,2014,6.7
Jean-Jacques Annaud,Drama|History|War,Enemy at the Gates ,English,USA,2001,7.6
Peter Berg,Action|Adventure|Comedy|Thriller,The Rundown ,English,USA,2003,6.7
John McTiernan,Action|Adventure|Comedy|Fantasy,Last Action Hero ,English,USA,1993,6.2
Rob Marshall,Drama|Romance,Memoirs of a Geisha ,English,USA,2005,7.3
Justin Lin,Action|Crime|Thriller,The Fast and the Furious: Tokyo Drift ,English,USA,2006,6
Sarah Smith,Adventure|Animation|Comedy|Family|Fantasy,Arthur Christmas ,English,UK,2011,7.1
Martin Brest,Drama|Fantasy|Romance,Meet Joe Black ,English,USA,1998,7.1
Andrew Davis,Action|Drama|Thriller,Collateral Damage ,English,USA,2002,5.5
Tarsem Singh,Adventure|Comedy|Drama|Family|Fantasy,Mirror Mirror ,English,USA,2012,5.6
Edgar Wright,Action|Comedy|Fantasy|Romance,Scott Pilgrim vs. the World ,English,USA,2010,7.5
Jon Amiel,Action|Adventure|Sci-Fi|Thriller,The Core ,English,USA,2003,5.4
Peter Segal,Comedy|Romance|Sci-Fi,Nutty Professor II: The Klumps ,English,USA,2000,4.3
Raja Gosnell,Adventure|Comedy|Mystery,Scooby-Doo ,English,USA,2002,4.9
Pete Travis,Action|Sci-Fi,Dredd ,English,UK,2012,7.1
Frank Coraci,Comedy|Drama|Fantasy|Romance,Click ,English,USA,2006,6.4
Brad Peyton,Action|Comedy|Family|Fantasy,Cats & Dogs: The Revenge of Kitty Galore ,English,USA,2010,4.3
Doug Liman,Action|Adventure|Sci-Fi|Thriller,Jumper ,English,USA,2008,6.1
Guillermo del Toro,Action|Adventure|Fantasy|Horror|Sci-Fi,Hellboy II: The Golden Army ,English,USA,2008,7
David Fincher,Crime|Drama|History|Mystery|Thriller,Zodiac ,English,USA,2007,7.7
Roger Spottiswoode,Action|Mystery|Sci-Fi|Thriller,The 6th Day ,English,USA,2000,5.9
Tom Shadyac,Comedy|Drama,Bruce Almighty ,English,USA,2003,6.7
Sylvester Stallone,Action|Adventure|Thriller,The Expendables ,English,USA,2010,6.5
Brian De Palma,Action|Adventure|Thriller,Mission: Impossible ,English,USA,1996,7.1
Gary Ross,Adventure|Drama|Sci-Fi|Thriller,The Hunger Games ,English,USA,2012,7.3
Todd Phillips,Comedy,The Hangover Part II ,English,USA,2011,6.5
Tim Burton,Action,Batman Returns ,English,USA,1992,7
Tim Johnson,Adventure|Animation|Comedy|Family,Over the Hedge ,English,USA,2006,6.8
Dean DeBlois,Adventure|Animation|Comedy|Drama|Family|Fantasy|Sci-Fi,Lilo & Stitch ,English,USA,2002,7.2
Gary Winick,Comedy|Family|Fantasy,Charlotte's Web ,English,USA,2006,6.4
Mimi Leder,Action|Drama|Romance|Sci-Fi|Thriller,Deep Impact ,English,USA,1998,6.1
Dean Parisot,Action|Comedy|Crime|Thriller,RED 2 ,English,USA,2013,6.7
Peter Segal,Comedy|Crime|Sport,The Longest Yard ,English,USA,2005,6.4
Mike Mitchell,Adventure|Animation|Comedy|Family|Fantasy|Music,Alvin and the Chipmunks: Chipwrecked ,English,USA,2011,4.4
Dennis Dugan,Comedy,Grown Ups 2 ,English,USA,2013,5.4
Peter Segal,Action|Adventure|Comedy,Get Smart ,English,USA,2008,6.5
Nancy Meyers,Comedy|Drama|Romance,Something's Gotta Give ,English,USA,2003,6.7
Martin Scorsese,Mystery|Thriller,Shutter Island ,English,USA,2010,8.1
Seth Gordon,Comedy|Drama|Romance,Four Christmases ,English,Germany,2008,5.6
Chris Wedge,Adventure|Animation|Comedy|Family|Sci-Fi,Robots ,English,USA,2005,6.3
John Woo,Action|Crime|Sci-Fi|Thriller,Face/Off ,English,USA,1997,7.3
Adam Shankman,Comedy|Family|Fantasy|Romance,Bedtime Stories ,English,USA,2008,6.1
Sam Mendes,Crime|Drama|Thriller,Road to Perdition ,English,USA,2002,7.7
Dennis Dugan,Comedy|Romance,Just Go with It ,English,USA,2011,6.4
Simon West,Action|Crime|Thriller,Con Air ,English,USA,1997,6.8
D.J. Caruso,Action|Mystery|Thriller,Eagle Eye ,English,USA,2008,6.6
Anthony Minghella,Adventure|Drama|History|Romance|War,Cold Mountain ,English,USA,2003,7.2
Albert Hughes,Action|Adventure|Drama|Thriller,The Book of Eli ,English,USA,2010,6.9
Les Mayfield,Comedy|Family|Sci-Fi,Flubber ,English,USA,1997,5.2
Jan de Bont,Fantasy|Horror|Mystery|Thriller,The Haunting ,English,USA,1999,4.9
Joe Pytka,Adventure|Animation|Comedy|Family|Fantasy|Sci-Fi|Sport,Space Jam ,English,USA,1996,6.3
Shawn Levy,Adventure|Comedy|Crime|Family|Mystery,The Pink Panther ,English,USA,2006,5.6
Scott Derrickson,Drama|Sci-Fi|Thriller,The Day the Earth Stood Still ,English,USA,2008,5.5
Richard Donner,Action|Crime|Mystery|Romance|Thriller,Conspiracy Theory ,English,USA,1997,6.7
David Ayer,Action|Drama|War,Fury ,English,USA,2014,7.6
Ivan Reitman,Action|Adventure|Comedy|Romance,Six Days Seven Nights ,English,USA,1998,5.7
Eric Brevig,Adventure|Animation|Comedy|Family,Yogi Bear ,English,USA,2010,4.6
Kelly Asbury,Adventure|Animation|Family|Western,Spirit: Stallion of the Cimarron ,English,USA,2002,7
Frank Coraci,Comedy|Family|Romance,Zookeeper ,English,USA,2011,5.2
Stephen Hopkins,Action|Adventure|Family|Sci-Fi|Thriller,Lost in Space ,English,USA,1998,5.1
Jonathan Demme,Drama|Mystery|Sci-Fi|Thriller,The Manchurian Candidate ,English,USA,2004,6.6
Henry Jaglom,Drama|Romance,Déjà Vu ,English,USA,1997,7
Genndy Tartakovsky,Animation|Comedy|Family|Fantasy,Hotel Transylvania 2 ,English,USA,2015,6.7
James Algar,Animation|Family|Fantasy|Music,Fantasia 2000 ,English,USA,1999,7.3
Simon Wells,Action|Adventure|Sci-Fi,The Time Machine ,English,USA,2002,5.9
Ron Underwood,Action|Adventure|Family|Fantasy|Thriller,Mighty Joe Young ,English,USA,1998,5.6
Dominic Sena,Action|Crime|Thriller,Swordfish ,English,USA,2001,6.5
Martin Campbell,Action|Adventure|Western,The Legend of Zorro ,Spanish,USA,2005,5.9
Vincent Ward,Drama|Fantasy|Romance,What Dreams May Come ,English,USA,1998,7
Steven Brill,Comedy|Fantasy,Little Nicky ,English,USA,2000,5.3
Terry Gilliam,Action|Adventure|Comedy|Fantasy|Thriller,The Brothers Grimm ,English,USA,2005,5.9
Tim Burton,Action|Comedy|Sci-Fi,Mars Attacks! ,English,USA,1996,6.3
Lee Tamahori,Action|Adventure|Drama|Thriller,The Edge ,English,USA,1997,6.9
Jonathan Mostow,Action|Sci-Fi|Thriller,Surrogates ,English,USA,2009,6.3
Roger Donaldson,Drama|History|Thriller,Thirteen Days ,English,USA,2000,7.3
Rob Cohen,Action|Adventure|Drama|Thriller,Daylight ,English,USA,1996,5.8
Barry Cook,Adventure|Animation|Family,Walking with Dinosaurs 3D ,English,USA,2013,5.2
Roger Christian,Action|Adventure|Sci-Fi,Battlefield Earth ,English,USA,2000,2.4
Joe Dante,Adventure|Animation|Comedy|Family|Fantasy|Sci-Fi,Looney Tunes: Back in Action ,English,Germany,2003,5.7
Rob Marshall,Drama|Musical|Romance,Nine ,English,USA,2009,5.8
Richard Donner,Action|Adventure|Sci-Fi,Timeline ,English,USA,2003,5.6
Kevin Costner,Action|Adventure|Drama|Sci-Fi,The Postman ,English,USA,1997,6
George Miller,Adventure|Comedy|Drama|Family|Fantasy,Babe: Pig in the City ,English,Australia,1998,5.8
Breck Eisner,Action|Adventure|Fantasy,The Last Witch Hunter ,English,USA,2015,6
Antony Hoffman,Action|Sci-Fi|Thriller,Red Planet ,English,USA,2000,5.7
Luc Besson,Adventure|Animation|Family|Fantasy,Arthur and the Invisibles ,English,France,2006,6
Jacques Perrin,Documentary|Drama,Oceans ,French,France,2009,7.8
Peter Hyams,Action|Adventure|Horror|Sci-Fi|Thriller,A Sound of Thunder ,English,UK,2005,4.2
Paul W.S. Anderson,Action|Adventure|Drama|History|Romance,Pompeii ,English,Canada,2014,5.6
Ron Howard,Biography|Drama,A Beautiful Mind ,English,USA,2001,8.2
Roger Allers,Adventure|Animation|Drama|Family|Musical,The Lion King ,English,USA,1994,8.5
Brad Peyton,Action|Adventure|Comedy|Family|Fantasy|Sci-Fi,Journey 2: The Mysterious Island ,English,USA,2012,5.8
Cody Cameron,Animation|Comedy|Family|Fantasy|Sci-Fi,Cloudy with a Chance of Meatballs 2 ,English,USA,2013,6.5
Brett Ratner,Crime|Drama|Thriller,Red Dragon ,English,Germany,2002,7.2
Joe Johnston,Action|Adventure|Western,Hidalgo ,English,USA,2004,6.7
Dennis Dugan,Comedy,Jack and Jill ,English,USA,2011,3.4
John Singleton,Action|Crime|Thriller,2 Fast 2 Furious ,English,USA,2003,5.9
Mark Osborne,Adventure|Animation|Drama|Family|Fantasy,The Little Prince ,English,France,2015,7.8
Oliver Hirschbiegel,Sci-Fi|Thriller,The Invasion ,English,USA,2007,5.9
Des McAnuff,Adventure|Animation|Comedy|Family|Fantasy,The Adventures of Rocky & Bullwinkle ,English,USA,2000,4.1
Yarrow Cheney,Animation|Comedy|Family,The Secret Life of Pets ,English,Japan,2016,6.8
Stephen Norrington,Action|Adventure|Fantasy|Sci-Fi,The League of Extraordinary Gentlemen ,English,USA,2003,5.8
Pierre Coffin,Animation|Comedy|Family|Sci-Fi,Despicable Me 2 ,English,USA,2013,7.5
Roland Emmerich,Action|Adventure|Sci-Fi,Independence Day ,English,USA,1996,6.9
Steven Spielberg,Action|Adventure|Sci-Fi,The Lost World: Jurassic Park ,English,USA,1997,6.5
Eric Darnell,Adventure|Animation|Comedy|Family,Madagascar ,English,USA,2005,6.9
Alfonso Cuarón,Drama|Sci-Fi|Thriller,Children of Men ,English,USA,2006,7.9
Bryan Singer,Action|Adventure|Sci-Fi,X-Men ,English,USA,2000,7.4
Timur Bekmambetov,Action|Crime|Fantasy|Thriller,Wanted ,English,USA,2008,6.7
Michael Bay,Action|Adventure|Thriller,The Rock ,English,USA,1996,7.4
Carlos Saldanha,Action|Adventure|Animation|Comedy|Family|Fantasy,Ice Age: The Meltdown ,English,USA,2006,6.9
Peter Segal,Comedy|Romance,50 First Dates ,English,USA,2004,6.8
Adam Shankman,Comedy|Drama|Family|Music|Musical|Romance,Hairspray ,English,USA,2007,6.7
Renny Harlin,Horror|Mystery|Thriller,Exorcist: The Beginning ,English,USA,2004,5.1
David Kellogg,Action|Adventure|Comedy|Family|Sci-Fi,Inspector Gadget ,English,USA,1999,4.1
Louis Leterrier,Crime|Mystery|Thriller,Now You See Me ,English,USA,2013,7.3
Dennis Dugan,Comedy,Grown Ups ,English,USA,2010,6
Steven Spielberg,Comedy|Drama,The Terminal ,English,USA,2004,7.3
Thor Freudenthal,Comedy|Family,Hotel for Dogs ,English,USA,2009,5.4
Martin Campbell,Action|Adventure|Drama|Thriller,Vertical Limit ,English,USA,2000,5.9
Mike Nichols,Biography|Comedy|Drama|History,Charlie Wilson's War ,English,USA,2007,7.1
Bibo Bergeron,Adventure|Animation|Comedy|Family,Shark Tale ,English,USA,2004,6
Bill Condon,Drama|Music|Musical,Dreamgirls ,English,USA,2006,6.5
F. Gary Gray,Comedy|Crime|Music,Be Cool ,English,USA,2005,5.7
Steven Spielberg,Drama|History|Thriller,Munich ,English,France,2005,7.6
Antoine Fuqua,Action|Drama|Thriller|War,Tears of the Sun ,English,USA,2003,6.6
Robert Luketic,Action|Comedy|Romance|Thriller,Killers ,English,USA,2010,5.4
Guy Ritchie,Action|Adventure|Comedy,The Man from U.N.C.L.E. ,English,USA,2015,7.3
James L. Brooks,Comedy|Drama|Romance,Spanglish ,English,USA,2004,6.5
Gil Kenan,Animation|Comedy|Family|Fantasy|Mystery,Monster House ,English,USA,2006,6.6
Barry Levinson,Comedy|Crime|Drama|Romance,Bandits ,English,USA,2001,6.6
Jerry Zucker,Action|Adventure|Romance|Thriller,First Knight ,English,USA,1995,5.9
Andy Tennant,Drama|History|Romance,Anna and the King ,English,USA,1999,6.7
Tarsem Singh,Action|Drama|Fantasy|Romance,Immortals ,English,USA,2011,6.1
Florent-Emilio Siri,Action|Crime|Drama|Mystery|Thriller,Hostage ,English,USA,2005,6.6
Don Bluth,Action|Adventure|Animation|Family|Sci-Fi,Titan A.E. ,English,USA,2000,6.6
Ron Shelton,Action|Comedy|Crime|Thriller,Hollywood Homicide ,English,USA,2003,5.3
Paul W.S. Anderson,Action|Drama|Sci-Fi,Soldier ,English,UK,1998,6
David Pastor,Drama|Horror|Sci-Fi|Thriller,Carriers ,English,USA,2009,6
Henry Selick,Animation|Comedy|Fantasy,Monkeybone ,English,USA,2001,4.7
John Moore,Action|Adventure|Drama|Thriller,Flight of the Phoenix ,English,USA,2004,6.1
M. Night Shyamalan,Drama|Mystery|Sci-Fi|Thriller,Unbreakable ,English,USA,2000,7.2
Kyle Balda,Action|Animation|Comedy|Family|Sci-Fi,Minions ,English,USA,2015,6.4
Zack Snyder,Action|Fantasy,Sucker Punch ,English,USA,2011,6.1
Brian De Palma,Crime|Mystery|Thriller,Snake Eyes ,English,USA,1998,5.9
Barry Levinson,Drama|Mystery|Sci-Fi|Thriller,Sphere ,English,USA,1998,6
Clay Kaytis,Action|Animation|Comedy|Family,The Angry Birds Movie ,English,USA,2016,6.3
Andy Tennant,Action|Adventure|Comedy|Romance|Thriller,Fool's Gold ,English,USA,2008,5.6
Judd Apatow,Comedy|Drama,Funny People ,English,USA,2009,6.4
Peter Berg,Action|Drama|Thriller,The Kingdom ,English,USA,2007,7.1
Adam McKay,Action|Comedy|Sport,Talladega Nights: The Ballad of Ricky Bobby ,English,USA,2006,6.6
Steve Carr,Comedy|Family|Fantasy,Dr. Dolittle 2 ,English,USA,2001,4.6
Mel Gibson,Biography|Drama|History|War,Braveheart ,English,USA,1995,8.4
Sam Mendes,Action|Drama|War,Jarhead ,English,Germany,2005,7.1
David Silverman,Adventure|Animation|Comedy,The Simpsons Movie ,English,USA,2007,7.4
Frank Darabont,Drama|Romance,The Majestic ,English,USA,2001,6.9
Renny Harlin,Action|Drama|Sport,Driven ,English,USA,2001,4.5
Jean-Jacques Annaud,Adventure|Drama|Family,Two Brothers ,English,France,2004,7.1
M. Night Shyamalan,Drama|Mystery|Romance|Thriller,The Village ,English,USA,2004,6.5
Betty Thomas,Comedy|Family|Fantasy,Doctor Dolittle ,English,USA,1998,5.3
M. Night Shyamalan,Drama|Sci-Fi|Thriller,Signs ,English,USA,2002,6.7
Andrew Adamson,Adventure|Animation|Comedy|Family|Fantasy|Romance,Shrek 2 ,English,USA,2004,7.2
John Lasseter,Adventure|Animation|Comedy|Family|Sport,Cars ,English,USA,2006,7.2
Garry Marshall,Comedy|Romance,Runaway Bride ,English,USA,1999,5.5
Rob Cohen,Action|Adventure|Thriller,xXx ,English,USA,2002,5.8
Paul Tibbitt,Adventure|Animation|Comedy|Family|Fantasy,The SpongeBob Movie: Sponge Out of Water ,English,USA,2015,6
Ron Howard,Crime|Thriller,Ransom ,English,USA,1996,6.6
Quentin Tarantino,Adventure|Drama|War,Inglourious Basterds ,English,USA,2009,8.3
Steven Spielberg,Adventure|Comedy|Family|Fantasy,Hook ,English,USA,1991,6.7
Brett Ratner,Action|Adventure,Hercules ,English,USA,2014,6
Renny Harlin,Action|Thriller,Die Hard 2 ,English,USA,1990,7.1
Clark Johnson,Action|Adventure|Crime|Thriller,S.W.A.T. ,English,USA,2003,6
Cameron Crowe,Fantasy|Mystery|Romance|Sci-Fi|Thriller,Vanilla Sky ,English,USA,2001,6.9
M. Night Shyamalan,Drama|Fantasy|Mystery|Thriller,Lady in the Water ,English,USA,2006,5.6
Paul W.S. Anderson,Action|Horror|Sci-Fi|Thriller,AVP: Alien vs. Predator ,English,USA,2004,5.6
Betty Thomas,Animation|Comedy|Family|Fantasy|Music,Alvin and the Chipmunks: The Squeakquel ,English,USA,2009,4.5
Randall Wallace,Action|Drama|History|War,We Were Soldiers ,English,USA,2002,7.1
Antoine Fuqua,Action|Thriller,Olympus Has Fallen ,English,USA,2013,6.5
Jonathan Frakes,Action|Adventure|Sci-Fi|Thriller,Star Trek: Insurrection ,English,USA,1998,6.4
Jonathan Liebesman,Action|Sci-Fi,Battle Los Angeles ,English,USA,2011,5.8
Tim Burton,Adventure|Drama|Fantasy,Big Fish ,English,USA,2003,8
Mike Nichols,Drama|Horror|Romance|Thriller,Wolf ,English,USA,1994,6.2
Steven Spielberg,Drama|War,War Horse ,English,USA,2011,7.2
George Clooney,Drama|War,The Monuments Men ,English,USA,2014,6.1
James Cameron,Adventure|Drama|Sci-Fi|Thriller,The Abyss ,English,USA,1989,7.6
Oliver Stone,Drama,Wall Street: Money Never Sleeps ,English,USA,2010,6.3
Gary Shore,Action|Drama|Fantasy|Horror|War,Dracula Untold ,English,USA,2014,6.3
Edward Zwick,Action|Thriller,The Siege ,English,USA,1998,6.3
Matthew Vaughn,Adventure|Family|Fantasy|Romance,Stardust ,English,UK,2007,7.7
Jean-Jacques Annaud,Adventure|Biography|Drama|History|War,Seven Years in Tibet ,English,USA,1997,7
Ron Howard,Comedy|Drama,The Dilemma ,English,USA,2011,5.3
Joel Schumacher,Action|Adventure|Comedy|Thriller,Bad Company ,English,USA,2002,5.6
Andrzej Bartkowiak,Action|Adventure|Horror|Sci-Fi,Doom ,English,UK,2005,5.2
Betty Thomas,Action|Adventure|Comedy|Thriller,I Spy ,English,USA,2002,5.4
Måns Mårlind,Action|Fantasy|Horror,Underworld: Awakening ,English,USA,2012,6.4
Adam Shankman,Comedy|Drama|Musical|Romance,Rock of Ages ,English,USA,2012,5.9
Gregory Hoblit,Drama|War,Hart's War ,English,USA,2002,6.3
Gary McKendry,Action|Crime|Thriller,Killer Elite ,English,UK,2011,6.5
John McTiernan,Action|Sci-Fi|Sport,Rollerball ,English,USA,2002,3
Wych Kaosayananda,Action|Crime|Sci-Fi|Thriller,Ballistic: Ecks vs. Sever ,English,USA,2002,3.6
Mikael Salomon,Action|Crime|Drama|Thriller,Hard Rain ,English,USA,1998,5.8
Bobby Farrelly,Action|Adventure|Animation|Comedy|Crime|Family|Fantasy,Osmosis Jones ,English,USA,2001,6.2
Will Finn,Adventure|Animation|Family|Fantasy|Musical,Legends of Oz: Dorothy's Return ,English,USA,2013,5.6
Michael Mann,Action|Crime|Drama|Mystery|Thriller,Blackhat ,English,USA,2015,5.4
Kerry Conran,Action|Adventure|Mystery|Sci-Fi|Thriller,Sky Captain and the World of Tomorrow ,English,USA,2004,6.1
Michael Caton-Jones,Crime|Mystery|Thriller,Basic Instinct 2 ,English,UK,2006,4.2
Mikael Håfström,Action|Crime|Mystery|Sci-Fi|Thriller,Escape Plan ,English,USA,2013,6.7
Renny Harlin,Action|Adventure|Fantasy,The Legend of Hercules ,English,USA,2014,4.2
Phil Alden Robinson,Action|Drama|Thriller,The Sum of All Fears ,English,USA,2002,6.4
David Slade,Adventure|Drama|Fantasy|Romance,The Twilight Saga: Eclipse ,English,USA,2010,4.9
Frank Oz,Crime|Drama|Thriller,The Score ,English,USA,2001,6.8
Pierre Coffin,Animation|Comedy|Family,Despicable Me ,English,USA,2010,7.7
Joseph Ruben,Action|Comedy|Crime|Drama|Thriller,Money Train ,English,USA,1995,5.6
Seth MacFarlane,Comedy,Ted 2 ,English,USA,2015,6.4
Alejandro Amenábar,Adventure|Drama|History|Romance,Agora ,English,Spain,2009,7.2
Kinka Usher,Action|Comedy|Fantasy|Sci-Fi,Mystery Men ,English,USA,1999,6
Bobby Farrelly,Comedy|Romance,Hall Pass ,English,USA,2011,5.9
Michael Mann,Biography|Drama|Thriller,The Insider ,English,USA,1999,7.9
Craig Gillespie,Action|Drama|History|Thriller,The Finest Hours ,English,USA,2016,6.8
Ridley Scott,Action|Drama|Thriller,Body of Lies ,English,USA,2008,7.1
Jay Roach,Comedy,Dinner for Schmucks ,English,USA,2010,5.9
Timur Bekmambetov,Action|Fantasy|Horror,Abraham Lincoln: Vampire Hunter ,English,USA,2012,5.9
Jon Amiel,Action|Crime|Romance|Thriller,Entrapment ,English,USA,1999,6.2
Rob Bowman,Drama|Mystery|Sci-Fi|Thriller,The X Files ,English,USA,1998,7
Doug Lefler,Action|Adventure|Fantasy|War,The Last Legion ,English,UK,2007,5.4
Steven Spielberg,Action|Drama|War,Saving Private Ryan ,English,USA,1998,8.6
Scott Waugh,Action|Crime|Drama|Thriller,Need for Speed ,English,USA,2014,6.5
Nancy Meyers,Comedy|Fantasy|Romance,What Women Want ,English,USA,2000,6.4
Chris Wedge,Adventure|Animation|Comedy|Family,Ice Age ,English,USA,2002,7.6
Lawrence Kasdan,Drama|Horror|Sci-Fi|Thriller,Dreamcatcher ,English,USA,2003,5.5
Steven Spielberg,Biography|Drama|History|War,Lincoln ,English,USA,2012,7.4
Lana Wachowski,Action|Sci-Fi,The Matrix ,English,USA,1999,8.7
Ron Howard,Adventure|Drama|History,Apollo 13 ,English,USA,1995,7.6
Paul Verhoeven,Action|Sci-Fi,Total Recall ,English,USA,1990,7.5
Michael Lembeck,Comedy|Family|Fantasy,The Santa Clause 2 ,English,USA,2002,5.5
Tom Hooper,Drama|Musical|Romance,Les Misérables ,English,USA,2012,7.6
Nora Ephron,Comedy|Drama|Romance,You've Got Mail ,English,USA,1998,6.5
Adam McKay,Comedy,Step Brothers ,English,USA,2008,6.9
Martin Campbell,Action|Adventure|Comedy|Romance|Thriller|Western,The Mask of Zorro ,English,USA,1998,6.7
Todd Phillips,Comedy|Drama,Due Date ,English,USA,2010,6.6
Angelina Jolie Pitt,Biography|Drama|Sport|War,Unbroken ,English,USA,2014,7.2
Clint Eastwood,Action|Adventure|Thriller,Space Cowboys ,English,USA,2000,6.4
Renny Harlin,Action|Adventure|Thriller,Cliffhanger ,English,USA,1993,6.4
John Woo,Action|Crime|Thriller,Broken Arrow ,English,USA,1996,6
Jon Turteltaub,Comedy|Family|Fantasy,The Kid ,English,USA,2000,6.1
Oliver Stone,Drama|History|Thriller,World Trade Center ,English,USA,2006,6
Mike Newell,Drama,Mona Lisa Smile ,English,USA,2003,6.4
Larry Charles,Comedy|Romance,The Dictator ,English,USA,2012,6.4
Stanley Kubrick,Drama|Mystery|Thriller,Eyes Wide Shut ,English,UK,1999,7.3
Will Gluck,Comedy|Drama|Family|Musical,Annie ,English,USA,2014,5.2
Glenn Ficarra,Comedy|Crime|Drama|Romance,Focus ,English,USA,2015,6.6
McG,Action|Comedy|Romance,This Means War ,English,USA,2012,6.3
David S. Goyer,Action|Adventure|Fantasy|Horror|Sci-Fi|Thriller,Blade: Trinity ,English,USA,2004,5.9
Mike Nichols,Comedy|Drama,Primary Colors ,English,France,1998,6.7
Paul W.S. Anderson,Action|Horror|Sci-Fi|Thriller,Resident Evil: Retribution ,English,Germany,2012,5.4
Paul W.S. Anderson,Action|Sci-Fi|Thriller,Death Race ,English,USA,2008,6.4
Renny Harlin,Action|Crime|Drama|Mystery|Thriller,The Long Kiss Goodnight ,English,USA,1996,6.7
Taylor Hackford,Action|Drama|Thriller,Proof of Life ,English,USA,2000,6.2
Jon Favreau,Action|Adventure|Comedy|Family|Fantasy|Sci-Fi,Zathura: A Space Adventure ,English,USA,2005,6.1
David Fincher,Drama,Fight Club ,English,USA,1999,8.8
McG,Drama|Sport,We Are Marshall ,English,USA,2006,7.1
Michael Lehmann,Action|Adventure|Comedy,Hudson Hawk ,English,USA,1991,5.7
Nora Ephron,Comedy|Crime,Lucky Numbers ,English,France,2000,5
Stuart Beattie,Action|Fantasy|Sci-Fi|Thriller,"I, Frankenstein ",English,Australia,2014,5.1
Roman Polanski,Crime|Drama,Oliver Twist ,English,UK,2005,6.9
Rob Bowman,Action|Crime|Fantasy|Thriller,Elektra ,English,Canada,2005,4.8
Frank Miller,Action|Crime|Thriller,Sin City: A Dame to Kill For ,English,USA,2014,6.5
Sydney Pollack,Drama|Mystery|Romance,Random Hearts ,English,USA,1999,5.1
Baltasar Kormákur,Adventure|Biography|Drama|History|Sport|Thriller,Everest ,English,UK,2015,7.1
Tom Tykwer,Crime|Drama|Fantasy,Perfume: The Story of a Murderer ,English,Germany,2006,7.5
Jay Roach,Action|Comedy|Crime,Austin Powers in Goldmember ,English,USA,2002,6.2
David Bowers,Action|Animation|Comedy|Family|Sci-Fi,Astro Boy ,English,Hong Kong,2009,6.3
Steven Spielberg,Adventure|Sci-Fi|Thriller,Jurassic Park ,English,USA,1993,8.1
Lawrence Kasdan,Adventure|Biography|Crime|Drama|Western,Wyatt Earp ,English,USA,1994,6.6
Phillip Noyce,Action|Crime|Drama|Thriller,Clear and Present Danger ,English,USA,1994,6.9
Daniel Lee,Action|Adventure|Drama|History,Dragon Blade ,Mandarin,China,2015,6.1
Keenen Ivory Wayans,Comedy|Crime,Littleman ,English,USA,2006,4.3
Jonathan Mostow,Action|War,U-571 ,English,France,2000,6.6
Rob Reiner,Comedy|Drama|Romance,The American President ,English,USA,1995,6.8
Marco Schnabel,Comedy|Romance|Sport,The Love Guru ,English,USA,2008,3.8
Demian Lichtenstein,Action|Comedy|Crime|Thriller,3000 Miles to Graceland ,English,USA,2001,5.9
Quentin Tarantino,Crime|Drama|Mystery|Thriller|Western,The Hateful Eight ,English,USA,2015,7.9
Josh Gordon,Comedy|Sport,Blades of Glory ,English,USA,2007,6.3
Tim Hill,Adventure|Animation|Comedy|Family|Fantasy,Hop ,English,USA,2011,5.5
Zack Snyder,Action|Drama|Fantasy|War,300 ,English,USA,2006,7.7
Jay Roach,Comedy|Romance,Meet the Fockers ,English,USA,2004,6.3
David Frankel,Comedy|Drama|Family,Marley & Me ,English,USA,2008,7.1
Frank Darabont,Crime|Drama|Fantasy|Mystery,The Green Mile ,English,USA,1999,8.5
Walt Becker,Action|Adventure|Comedy,Wild Hogs ,English,USA,2007,5.9
Mark Dindal,Adventure|Animation|Comedy|Family|Sci-Fi,Chicken Little ,English,USA,2005,5.8
David Fincher,Crime|Drama|Mystery|Thriller,Gone Girl ,English,USA,2014,8.1
Doug Liman,Action|Mystery|Thriller,The Bourne Identity ,English,USA,2002,7.9
Martin Campbell,Action|Adventure|Thriller,GoldenEye ,English,UK,1995,7.2
Simon West,Drama|Mystery|Thriller,The General's Daughter ,English,USA,1999,6.3
Peter Weir,Comedy|Drama|Sci-Fi,The Truman Show ,English,USA,1998,8.1
Brenda Chapman,Adventure|Animation|Biography|Drama|Family|Fantasy|Musical,The Prince of Egypt ,English,USA,1998,7
Steve Carr,Comedy|Family,Daddy Day Care ,English,USA,2003,5.5
Baltasar Kormákur,Action|Comedy|Crime|Drama|Thriller,2 Guns ,English,USA,2013,6.7
Lawrence Guterman,Action|Comedy|Family|Fantasy,Cats & Dogs ,English,USA,2001,5.2
F. Gary Gray,Action|Crime|Thriller,The Italian Job ,English,USA,2003,7
Marc Lawrence,Comedy|Romance,Two Weeks Notice ,English,USA,2002,6.1
Eric Darnell,Adventure|Animation|Comedy|Family,Antz ,English,USA,1998,6.6
Peter Billingsley,Comedy,Couples Retreat ,English,USA,2009,5.5
Tony Scott,Action|Drama|Sport,Days of Thunder ,English,USA,1990,5.9
Adam Shankman,Adventure|Comedy|Family,Cheaper by the Dozen 2 ,English,USA,2005,5.4
Wes Ball,Action|Sci-Fi|Thriller,The Scorch Trials ,English,USA,2015,6.4
Ryan Murphy,Drama|Romance,Eat Pray Love ,English,USA,2010,5.7
Brett Ratner,Comedy|Drama|Fantasy|Romance,The Family Man ,English,USA,2000,6.7
Robert Schwentke,Action|Comedy|Crime|Thriller,RED ,English,USA,2010,7.1
Oliver Stone,Drama|Sport,Any Given Sunday ,English,USA,1999,6.8
Robert Redford,Drama|Romance|Western,The Horse Whisperer ,English,USA,1998,6.5
Michael Mann,Crime|Drama|Thriller,Collateral ,English,USA,2004,7.6
Chuck Russell,Action|Adventure|Fantasy|Thriller,The Scorpion King ,English,USA,2002,5.5
Jay Russell,Action|Drama|Thriller,Ladder 49 ,English,USA,2004,6.5
Christopher McQuarrie,Action|Crime|Mystery|Thriller,Jack Reacher ,English,USA,2012,7
Renny Harlin,Action|Sci-Fi|Thriller,Deep Blue Sea ,English,USA,1999,5.8
Kenny Ortega,Documentary|Music,This Is It ,English,USA,2009,7.3
Steven Soderbergh,Drama|Thriller,Contagion ,English,USA,2011,6.6
David McNally,Action|Adventure|Comedy|Crime,Kangaroo Jack ,English,USA,2003,4.4
Henry Selick,Animation|Family|Fantasy,Coraline ,English,USA,2009,7.7
M. Night Shyamalan,Sci-Fi|Thriller,The Happening ,English,USA,2008,5
Tony Scott,Action|Crime|Drama|Thriller,Man on Fire ,English,USA,2004,7.7
Brian Robbins,Comedy|Family|Fantasy,The Shaggy Dog ,English,USA,2006,4.4
Todd Phillips,Comedy|Crime,Starsky & Hutch ,English,USA,2004,6.1
Brian Levant,Comedy|Family,Jingle All the Way ,English,USA,1996,5.4
Guillermo del Toro,Action|Fantasy|Horror|Sci-Fi,Hellboy ,English,USA,2004,6.8
Steven Zaillian,Drama,A Civil Action ,English,USA,1998,6.5
Chris Butler,Adventure|Animation|Comedy|Family|Fantasy,ParaNorman ,English,USA,2012,7
Michael Caton-Jones,Action|Adventure|Crime|Thriller,The Jackal ,English,USA,1997,6.3
John Woo,Action|Mystery|Sci-Fi|Thriller,Paycheck ,English,USA,2003,6.3
Jon Avnet,Drama|Romance,Up Close & Personal ,English,USA,1996,6.1
Sam Fell,Adventure|Animation|Comedy|Family|Fantasy,The Tale of Despereaux ,English,UK,2008,6.1
Kevin Donovan,Action|Comedy|Sci-Fi,The Tuxedo ,English,USA,2002,5.3
Geoff Murphy,Action|Thriller,Under Siege 2: Dark Territory ,English,USA,1995,5.4
Kenneth Branagh,Action|Drama|Thriller,Jack Ryan: Shadow Recruit ,English,USA,2014,6.2
David O. Russell,Biography|Comedy|Drama,Joy ,English,USA,2015,6.6
Babak Najafi,Action|Crime|Drama|Thriller,London Has Fallen ,English,UK,2016,5.9
Jean-Pierre Jeunet,Action|Horror|Sci-Fi,Alien: Resurrection ,English,USA,1997,6.3
Antoine Fuqua,Action|Crime|Drama|Mystery|Thriller,Shooter ,English,USA,2007,7.2
Graham Annable,Adventure|Animation|Comedy|Family|Fantasy,The Boxtrolls ,English,USA,2014,6.8
Griffin Dunne,Comedy|Drama|Fantasy|Romance,Practical Magic ,English,USA,1998,6.1
Phil Lord,Action|Adventure|Animation|Comedy|Family|Fantasy,The Lego Movie ,English,Australia,2014,7.8
John Pasquin,Action|Comedy|Crime,Miss Congeniality 2: Armed and Fabulous ,English,USA,2005,5
Rob Bowman,Action|Adventure|Fantasy|Sci-Fi|Thriller,Reign of Fire ,English,USA,2002,6.2
Ruben Fleischer,Action|Crime|Drama|Thriller,Gangster Squad ,English,USA,2013,6.7
Harold Ramis,Adventure|Comedy,Year One ,English,USA,2009,4.9
Clint Eastwood,Biography|Drama|History|Sport,Invictus ,English,USA,2009,7.4
Kevin Macdonald,Crime|Drama|Mystery|Thriller,State of Play ,English,USA,2009,7.1
Tony Gilroy,Comedy|Crime|Romance|Thriller,Duplicity ,English,USA,2009,6.2
Donald Petrie,Comedy|Family|Sci-Fi,My Favorite Martian ,English,USA,1999,4.9
Clark Johnson,Action|Crime|Thriller,The Sentinel ,English,USA,2006,6.1
Jorge Blanco,Adventure|Animation|Comedy|Family|Sci-Fi,Planet 51 ,English,Spain,2009,6.1
Stuart Baird,Action|Adventure|Sci-Fi|Thriller,Star Trek: Nemesis ,English,USA,2002,6.4
Joel Coen,Comedy|Crime|Romance,Intolerable Cruelty ,English,USA,2003,6.3
Robert Lorenz,Drama|Sport,Trouble with the Curve ,English,USA,2012,6.8
Martin Campbell,Crime|Drama|Mystery|Thriller,Edge of Darkness ,English,UK,2010,6.6
Peter Hyams,Horror|Mystery|Sci-Fi|Thriller,The Relic ,English,UK,1997,5.7
Harold Ramis,Comedy|Crime,Analyze That ,English,USA,2002,5.9
Jon Avnet,Action|Crime|Drama|Mystery|Thriller,Righteous Kill ,English,USA,2008,6
Harold Becker,Action|Crime|Drama|Thriller,Mercury Rising ,English,USA,1998,6.1
Joe Wright,Biography|Drama|Music,The Soloist ,English,UK,2009,6.7
Robert Redford,Drama|Fantasy|Sport,The Legend of Bagger Vance ,English,USA,2000,6.7
Cameron Crowe,Adventure|Comedy|Drama|Music,Almost Famous ,English,USA,2000,7.9
Tim Hill,Animation|Comedy|Family|Fantasy,Garfield 2 ,English,UK,2006,5
Lee Tamahori,Action|Adventure|Crime|Thriller,xXx: State of the Union ,English,USA,2005,4.3
Scott Stewart,Action|Fantasy|Horror|Sci-Fi|Thriller,Priest ,English,USA,2011,5.7
Patrick Gilmore,Adventure|Animation|Comedy|Drama|Family|Fantasy|Romance,Sinbad: Legend of the Seven Seas ,English,USA,2003,6.7
Paul W.S. Anderson,Horror|Sci-Fi|Thriller,Event Horizon ,English,UK,1997,6.7
Joss Whedon,Action|Adventure|Sci-Fi,The Avengers ,English,USA,2012,8.1
Tom Shadyac,Drama|Fantasy|Mystery|Romance|Thriller,Dragonfly ,English,USA,2002,6.1
Brian De Palma,Crime|Drama|Mystery|Thriller,The Black Dahlia ,English,Germany,2006,5.6
Tony Bill,Action|Adventure|Drama|History|Romance|War,Flyboys ,English,UK,2006,6.6
Rod Lurie,Action|Drama|Thriller,The Last Castle ,English,USA,2001,6.9
Walter Hill,Horror|Sci-Fi|Thriller,Supernova ,English,USA,2000,4.8
Akiva Goldsman,Drama|Fantasy|Mystery|Romance,Winter's Tale ,English,USA,2014,6.2
Harald Zwart,Fantasy|Horror|Mystery|Romance,The Mortal Instruments: City of Bones ,English,USA,2013,6
Brian Robbins,Adventure|Comedy|Family|Romance|Sci-Fi,Meet Dave ,English,USA,2008,4.9
Walter Salles,Drama|Horror|Thriller,Dark Water ,English,USA,2005,5.6
Ron Howard,Comedy|Drama,Edtv ,English,USA,1999,6.1
Iain Softley,Adventure|Family|Fantasy,Inkheart ,English,Germany,2008,6.1
Frank Miller,Action|Crime|Fantasy|Thriller,The Spirit ,English,USA,2008,4.8
David Koepp,Action|Comedy|Mystery|Romance,Mortdecai ,English,UK,2015,5.5
Uwe Boll,Action|Adventure|Fantasy|Thriller,In the Name of the King: A Dungeon Siege Tale ,English,Germany,2007,3.8
Martin Campbell,Adventure|Drama|Romance|War,Beyond Borders ,English,USA,2003,6.5
John Dahl,Action|Drama|War,The Great Raid ,Filipino,USA,2005,6.7
Tim Miller,Action|Adventure|Comedy|Romance|Sci-Fi,Deadpool ,English,USA,2016,8.1
Stephen Herek,Comedy|Drama,Holy Man ,English,USA,1998,4.9
Clint Eastwood,Action|Biography|Drama|History|Thriller|War,American Sniper ,English,USA,2014,7.3
Rob Letterman,Adventure|Comedy|Family|Fantasy|Horror,Goosebumps ,English,USA,2015,6.4
Mark Waters,Comedy|Fantasy|Romance,Just Like Heaven ,English,USA,2005,6.7
Brian Levant,Comedy|Family|Romance|Sci-Fi,The Flintstones in Viva Rock Vegas ,English,USA,2000,3.6
Peter MacDonald,Action|Adventure|Thriller|War,Rambo III ,English,USA,1988,5.7
George Clooney,Comedy|Drama|Romance|Sport,Leatherheads ,English,USA,2008,6
Marc Lawrence,Comedy|Drama|Romance,Did You Hear About the Morgans? ,English,USA,2009,4.7
Shawn Levy,Comedy,The Internship ,English,USA,2013,6.3
Paul W.S. Anderson,Action|Adventure|Horror|Sci-Fi,Resident Evil: Afterlife ,English,Germany,2010,5.9
Anthony Hemingway,Action|Adventure|Drama|History|War,Red Tails ,English,USA,2012,5.9
Taylor Hackford,Drama|Mystery|Thriller,The Devil's Advocate ,English,USA,1997,7.5
Sean Anders,Comedy,That's My Boy ,English,USA,2012,5.6
Rob Cohen,Action|Adventure|Fantasy,DragonHeart ,English,USA,1996,6.4
Brett Ratner,Action|Comedy|Crime|Drama,After the Sunset ,English,USA,2004,6.3
Mark Neveldine,Action|Fantasy|Thriller,Ghost Rider: Spirit of Vengeance ,English,USA,2011,4.3
John Madden,Drama|Music|Romance|War,Captain Corelli's Mandolin ,English,UK,2001,5.9
Adam Shankman,Action|Comedy|Drama|Family|Thriller,The Pacifier ,English,Canada,2005,5.5
Kevin Bray,Action|Crime,Walking Tall ,English,USA,2004,6.2
Robert Zemeckis,Comedy|Drama,Forrest Gump ,English,USA,1994,8.8
Tim Hill,Animation|Comedy|Family|Fantasy|Music,Alvin and the Chipmunks ,English,USA,2007,5.2
Jay Roach,Comedy,Meet the Parents ,English,USA,2000,7
Mike Gabriel,Adventure|Animation|Drama|Family|History|Musical|Romance,Pocahontas ,English,USA,1995,6.6
Richard Donner,Action|Adventure|Drama|Romance|Sci-Fi,Superman ,English,USA,1978,7.3
Tom Shadyac,Comedy|Romance|Sci-Fi,The Nutty Professor ,English,USA,1996,5.6
Andy Tennant,Comedy|Romance,Hitch ,English,USA,2005,6.6
Sam Weisman,Action|Adventure|Comedy|Family|Romance,George of the Jungle ,English,USA,1997,5.4
Jesse Dylan,Comedy|Romance,American Wedding ,English,USA,2003,6.3
Paul Greengrass,Biography|Drama|Thriller,Captain Phillips ,English,USA,2013,7.9
Shawn Levy,Comedy|Crime|Romance|Thriller,Date Night ,English,USA,2010,6.3
Brad Silberling,Comedy|Family|Fantasy,Casper ,English,USA,1995,6
Antoine Fuqua,Action|Crime|Thriller,The Equalizer ,English,USA,2014,7.2
Wayne Wang,Comedy|Drama|Romance,Maid in Manhattan ,English,USA,2002,5.1
Tony Scott,Action|Drama|Thriller|War,Crimson Tide ,English,USA,1995,7.3
Gabriele Muccino,Biography|Drama,The Pursuit of Happyness ,English,USA,2006,8
Robert Schwentke,Drama|Mystery|Thriller,Flightplan ,English,USA,2005,6.2
Barry Levinson,Drama|Thriller,Disclosure ,English,USA,1994,6
Brad Silberling,Drama|Fantasy|Romance,City of Angels ,English,Germany,1998,6.7
Quentin Tarantino,Action,Kill Bill: Vol. 1 ,English,USA,2003,8.1
Frank Oz,Comedy,Bowfinger ,English,USA,1999,6.4
Quentin Tarantino,Action|Crime|Drama|Thriller,Kill Bill: Vol. 2 ,English,USA,2004,8
Andrey Konchalovskiy,Action|Comedy|Crime|Thriller,Tango & Cash ,English,USA,1989,6.3
Robert Zemeckis,Comedy|Fantasy|Horror,Death Becomes Her ,English,USA,1992,6.4
Tom Dey,Action|Adventure|Comedy|Western,Shanghai Noon ,English,USA,2000,6.6
Stuart Baird,Action|Adventure|Thriller,Executive Decision ,English,USA,1996,6.4
Mark Waters,Comedy|Family|Fantasy,Mr. Popper's Penguins ,English,USA,2011,6
Rob Minkoff,Action|Adventure|Fantasy,The Forbidden Kingdom ,English,USA,2008,6.6
Jimmy Hayward,Adventure|Animation|Comedy|Family,Free Birds ,English,USA,2013,5.9
David Fincher,Action|Horror|Sci-Fi,Alien 3 ,English,USA,1992,6.4
Alan Parker,Biography|Drama|History|Musical,Evita ,English,USA,1996,6.3
John Frankenheimer,Action|Adventure|Crime|Thriller,Ronin ,English,UK,1998,7.3
Stephen Hopkins,Adventure|Drama|Horror|Thriller,The Ghost and the Darkness ,English,USA,1996,6.8
Paul King,Animation|Comedy|Family|Fantasy,Paddington ,English,UK,2014,7.2
Akiva Schaffer,Action|Comedy|Sci-Fi,The Watch ,English,USA,2012,5.7
William Friedkin,Action|Crime|Drama|Thriller,The Hunted ,English,USA,2003,6
Jon Turteltaub,Drama|Thriller,Instinct ,English,USA,1999,6.5
Bobby Farrelly,Comedy,Stuck on You ,English,USA,2003,5.8
Kent Alterman,Comedy|Sport,Semi-Pro ,English,USA,2008,5.8
Peter Lord,Adventure|Animation|Comedy|Family,The Pirates! Band of Misfits ,English,UK,2012,6.7
Clint Eastwood,Crime|Drama|Mystery|Thriller,Changeling ,English,USA,2008,7.8
Andrew Davis,Action|Drama|Sci-Fi|Thriller,Chain Reaction ,English,USA,1996,5.6
Tony Scott,Action|Drama|Sport|Thriller,The Fan ,English,USA,1996,5.8
Joel Schumacher,Drama|Musical|Romance|Thriller,The Phantom of the Opera ,English,UK,2004,7.4
Shekhar Kapur,Biography|Drama|History|War,Elizabeth: The Golden Age ,English,UK,2007,6.9
Karyn Kusama,Action|Sci-Fi,Æon Flux ,English,USA,2005,5.5
Ron Maxwell,Drama|History|War,Gods and Generals ,English,USA,2003,6.3
Robert Butler,Action|Thriller,Turbulence ,English,USA,1997,4.7
Karey Kirkpatrick,Comedy|Drama|Family|Fantasy,Imagine That ,English,USA,2009,5.6
James Bobin,Adventure|Comedy|Crime|Family|Musical,Muppets Most Wanted ,English,USA,2014,6.4
Jonathan Frakes,Action|Adventure|Comedy|Family|Sci-Fi,Thunderbirds ,English,UK,2004,4.2
Steve Antin,Drama|Music|Musical|Romance,Burlesque ,English,USA,2010,6.4
Jean-Pierre Jeunet,Drama|Mystery|Romance|War,A Very Long Engagement ,French,France,2004,7.7
Guillermo del Toro,Action|Horror|Sci-Fi|Thriller,Blade II ,English,USA,2002,6.7
Gabriele Muccino,Drama|Romance,Seven Pounds ,English,USA,2008,7.7
Walter Hill,Action|Thriller,Bullet to the Head ,English,USA,2012,5.7
Francis Ford Coppola,Crime|Drama,The Godfather: Part III ,English,USA,1990,7.6
Cameron Crowe,Comedy|Drama|Romance,Elizabethtown ,English,USA,2005,6.4
Anthony Russo,Comedy|Romance,"You, Me and Dupree ",English,USA,2006,5.6
Richard Lester,Action|Adventure|Romance|Sci-Fi,Superman II ,English,USA,1980,6.8
Martin Brest,Comedy|Crime|Romance,Gigli ,English,USA,2003,2.4
Steven Zaillian,Drama|Thriller,All the King's Men ,English,Germany,2006,6.2
John Singleton,Action|Crime|Thriller,Shaft ,English,Germany,2000,5.9
Don Bluth,Adventure|Animation|Drama|Family|Fantasy|Musical|Mystery|Romance,Anastasia ,English,USA,1997,7.1
Baz Luhrmann,Drama|Musical|Romance,Moulin Rouge! ,English,USA,2001,7.6
Harold Becker,Crime|Mystery|Thriller,Domestic Disturbance ,English,USA,2001,5.5
Scott Cooper,Biography|Crime|Drama,Black Mass ,English,USA,2015,7
Clint Eastwood,Drama|History|War,Flags of Our Fathers ,English,USA,2006,7.1
F. Gary Gray,Crime|Drama|Thriller,Law Abiding Citizen ,English,USA,2009,7.4
Robert Rodriguez,Action|Horror|Thriller,Grindhouse ,English,USA,2007,7.6
Jonathan Demme,Drama|History|Horror,Beloved ,English,USA,1998,5.9
Curtis Hanson,Drama|Romance|Sport,Lucky You ,English,USA,2007,5.9
Steven Spielberg,Biography|Crime|Drama,Catch Me If You Can ,English,USA,2002,8
Kathryn Bigelow,Drama|History|Thriller,Zero Dark Thirty ,English,USA,2012,7.4
Peyton Reed,Comedy|Drama|Romance,The Break-Up ,English,USA,2006,5.8
Phyllida Lloyd,Comedy|Family|Musical|Romance,Mamma Mia! ,English,USA,2008,6.3
Garry Marshall,Comedy|Romance,Valentine's Day ,English,USA,2010,5.7
Jay Chandrasekhar,Action|Adventure|Comedy,The Dukes of Hazzard ,English,USA,2005,5.1
Terrence Malick,Drama|War,The Thin Red Line ,English,USA,1998,7.6
David Dobkin,Comedy|Fantasy,The Change-Up ,English,USA,2011,6.4
Milos Forman,Biography|Comedy|Drama,Man on the Moon ,English,UK,1999,7.4
Martin Scorsese,Biography|Crime|Drama,Casino ,English,USA,1995,8.2
Pierre Morel,Action|Thriller,From Paris with Love ,English,France,2010,6.5
Paul Hunter,Action|Comedy|Fantasy,Bulletproof Monk ,English,USA,2003,5.5
Bobby Farrelly,Comedy,"Me, Myself & Irene ",English,USA,2000,6.5
Steve Oedekerk,Animation|Comedy|Family,Barnyard ,English,Germany,2006,5.6
John Whitesell,Comedy|Family,Deck the Halls ,English,USA,2006,4.9
Chris Weitz,Adventure|Drama|Fantasy|Romance,The Twilight Saga: New Moon ,English,USA,2009,4.6
Andrew Adamson,Adventure|Animation|Comedy|Family|Fantasy,Shrek ,English,USA,2001,7.9
George Nolfi,Romance|Sci-Fi|Thriller,The Adjustment Bureau ,English,USA,2011,7.1
Kevin Reynolds,Action|Adventure|Drama|Romance,Robin Hood: Prince of Thieves ,English,USA,1991,6.9
Cameron Crowe,Comedy|Drama|Romance|Sport,Jerry Maguire ,English,USA,1996,7.3
Seth MacFarlane,Comedy|Fantasy,Ted ,English,USA,2012,7
James L. Brooks,Comedy|Drama|Romance,As Good as It Gets ,English,USA,1997,7.7
Tom Shadyac,Biography|Comedy|Drama|Romance,Patch Adams ,English,USA,1998,6.7
Adam McKay,Comedy,Anchorman 2: The Legend Continues ,English,USA,2013,6.3
Steven Brill,Comedy|Romance,Mr. Deeds ,English,USA,2002,5.8
J.J. Abrams,Mystery|Sci-Fi|Thriller,Super 8 ,English,USA,2011,7.1
Steven Soderbergh,Biography|Drama,Erin Brockovich ,English,USA,2000,7.3
Donald Petrie,Comedy|Romance,How to Lose a Guy in 10 Days ,English,USA,2003,6.4
Phil Lord,Action|Comedy|Crime,22 Jump Street ,English,USA,2014,7.1
Neil Jordan,Drama|Fantasy|Horror,Interview with the Vampire: The Vampire Chronicles ,English,USA,1994,7.6
Peyton Reed,Comedy|Romance,Yes Man ,English,USA,2008,6.8
Rawson Marshall Thurber,Action|Comedy|Crime,Central Intelligence ,English,USA,2016,6.6
Chris Columbus,Comedy|Drama,Stepmom ,English,USA,1998,6.7
Sean Anders,Comedy|Family,Daddy's Home ,English,USA,2015,6.1
Rob Marshall,Adventure|Comedy|Drama|Fantasy|Musical,Into the Woods ,English,USA,2014,6
Spike Lee,Crime|Drama|Mystery|Thriller,Inside Man ,English,USA,2006,7.6
Brian Helgeland,Action|Crime|Drama|Thriller,Payback ,English,USA,1999,7.1
Frank Marshall,Action|Adventure|Mystery|Sci-Fi,Congo ,English,USA,1995,5
Cameron Crowe,Comedy|Drama|Family,We Bought a Zoo ,English,USA,2011,7.1
Alex Proyas,Drama|Mystery|Sci-Fi|Thriller,Knowing ,English,USA,2009,6.2
Tom Dey,Comedy|Romance,Failure to Launch ,English,USA,2006,5.6
Hideo Nakata,Horror|Mystery,The Ring Two ,English,USA,2005,5.4
Glenn Ficarra,Comedy|Drama|Romance,"Crazy, Stupid, Love. ",English,USA,2011,7.4
Peter Hewitt,Animation|Comedy|Family|Fantasy,Garfield ,English,USA,2004,5
Joe Roth,Comedy|Family,Christmas with the Kranks ,English,USA,2004,5.2
Bennett Miller,Biography|Drama|Sport,Moneyball ,English,USA,2011,7.6
Wolfgang Petersen,Action|Drama|Thriller,Outbreak ,English,USA,1995,6.6
Jaume Collet-Serra,Action|Mystery|Thriller,Non-Stop ,English,UK,2014,7
Andy Fickman,Action|Adventure|Family|Fantasy|Sci-Fi|Thriller,Race to Witch Mountain ,English,USA,2009,5.7
James McTeigue,Action|Drama|Thriller,V for Vendetta ,English,USA,2005,8.2
David Dobkin,Action|Adventure|Comedy,Shanghai Knights ,English,USA,2003,6.2
Matthew O'Callaghan,Adventure|Animation|Comedy|Family,Curious George ,English,USA,2006,6.6
Angela Robinson,Adventure|Comedy|Family|Fantasy|Romance|Sport,Herbie Fully Loaded ,English,USA,2005,4.7
Gary Fleder,Crime|Drama|Mystery|Thriller,Don't Say a Word ,English,USA,2001,6.3
Tommy Wirkola,Action|Fantasy|Horror,Hansel & Gretel: Witch Hunters ,English,Germany,2013,6.1
Adrian Lyne,Drama|Thriller,Unfaithful ,English,USA,2002,6.7
D.J. Caruso,Action|Adventure|Sci-Fi|Thriller,I Am Number Four ,English,USA,2011,6.1
Stephen Gaghan,Drama|Thriller,Syriana ,English,USA,2005,7
Michael Bay,Action|Drama|Thriller|War,13 Hours ,English,USA,2016,7.4
Jorge R. Gutiérrez,Adventure|Animation|Comedy|Family|Fantasy|Romance,The Book of Life ,English,USA,2014,7.3
Richard Loncraine,Crime|Thriller,Firewall ,English,USA,2006,5.8
Clint Eastwood,Action|Crime|Drama|Thriller,Absolute Power ,English,USA,1997,6.7
Ridley Scott,Action|Drama|War,G.I. Jane ,English,USA,1997,5.8
David Fincher,Drama|Mystery|Thriller,The Game ,English,USA,1997,7.8
Christophe Gans,Adventure|Horror|Mystery,Silent Hill ,English,Canada,2006,6.6
Howard Deutch,Comedy|Sport,The Replacements ,English,USA,2000,6.5
Jon Hurwitz,Comedy,American Reunion ,English,USA,2012,6.7
F. Gary Gray,Action|Crime|Drama|Mystery|Thriller,The Negotiator ,English,Germany,1998,7.3
Steven Quale,Action|Thriller,Into the Storm ,English,USA,2014,5.8
John Landis,Action|Comedy|Crime|Thriller,Beverly Hills Cop III ,English,USA,1994,5.5
Joe Dante,Comedy|Fantasy|Horror,Gremlins 2: The New Batch ,English,USA,1990,6.3
David Dobkin,Crime|Drama,The Judge ,English,USA,2014,7.4
Mimi Leder,Action|Thriller,The Peacemaker ,English,USA,1997,5.9
Alexander Witt,Action|Horror|Sci-Fi|Thriller,Resident Evil: Apocalypse ,English,Germany,2004,6.2
Beeban Kidron,Comedy|Drama|Romance,Bridget Jones: The Edge of Reason ,English,UK,2004,5.9
Carl Franklin,Crime|Drama|Romance|Thriller,Out of Time ,English,USA,2003,6.5
Steven Seagal,Action|Adventure|Thriller,On Deadly Ground ,English,USA,1994,4.4
Robert Rodriguez,Action|Adventure|Family|Fantasy,The Adventures of Sharkboy and Lavagirl 3-D ,English,USA,2005,3.5
Danny Boyle,Adventure|Drama|Thriller,The Beach ,English,USA,2000,6.6
Garry Marshall,Comedy|Drama|Romance,Raising Helen ,English,USA,2004,6
James McTeigue,Action|Crime|Thriller,Ninja Assassin ,English,USA,2009,6.4
Sam Raimi,Drama|Romance|Sport,For Love of the Game ,English,USA,1999,6.5
Andrew Bergman,Comedy|Crime|Drama|Thriller,Striptease ,English,USA,1996,4.3
Tom Dey,Comedy|Family,Marmaduke ,English,USA,2010,4.2
Clint Eastwood,Drama|Fantasy,Hereafter ,English,USA,2010,6.5
Barbet Schroeder,Crime|Mystery|Thriller,Murder by Numbers ,English,USA,2002,6.1
Richard Donner,Action|Crime|Thriller,Assassins ,English,France,1995,6.3
Peter Webber,Crime|Drama|Thriller,Hannibal Rising ,English,UK,2007,6.2
Rob Reiner,Comedy|Drama|Romance,The Story of Us ,English,USA,1999,5.9
Andrew Niccol,Action|Adventure|Romance|Sci-Fi|Thriller,The Host ,English,USA,2013,5.9
John McTiernan,Action|Crime|Drama|Mystery|Thriller,Basic ,English,Germany,2003,6.5
Clint Eastwood,Action|Crime|Drama|Mystery|Thriller,Blood Work ,English,USA,2002,6.4
Tom Tykwer,Action|Crime|Drama|Mystery|Thriller,The International ,English,USA,2009,6.5
John Carpenter,Action|Adventure|Sci-Fi|Thriller,Escape from L.A. ,English,USA,1996,5.7
Brad Bird,Action|Adventure|Animation|Comedy|Drama|Family|Sci-Fi,The Iron Giant ,English,USA,1999,8
Wes Anderson,Adventure|Comedy|Drama,The Life Aquatic with Steve Zissou ,English,USA,2004,7.3
Gary Ross,Action|Biography|Drama|History|War,Free State of Jones ,English,USA,2016,6.7
Alan Parker,Crime|Drama|Thriller,The Life of David Gale ,English,USA,2003,7.5
Stephen Herek,Action|Comedy,Man of the House ,English,USA,2005,5.4
Jaume Collet-Serra,Action|Crime|Drama|Thriller,Run All Night ,English,USA,2015,6.6
David Cronenberg,Crime|Mystery|Thriller,Eastern Promises ,English,USA,2007,7.7
John Stockwell,Action|Adventure|Crime|Thriller,Into the Blue ,English,USA,2005,5.8
Luc Besson,Adventure|Biography|Drama|History|War,The Messenger: The Story of Joan of Arc ,English,France,1999,6.4
David Gordon Green,Adventure|Comedy|Fantasy,Your Highness ,English,USA,2011,5.6
Jim Sheridan,Drama|Mystery|Thriller,Dream House ,English,USA,2011,6
Costa-Gavras,Crime|Drama|Thriller,Mad City ,English,USA,1997,6.2
Patrick Read Johnson,Adventure|Comedy|Crime|Drama|Family,Baby's Day Out ,English,USA,1994,5.9
Roland Joffé,Drama|Romance,The Scarlet Letter ,English,USA,1995,5.1
Doug Liman,Biography|Drama|Thriller,Fair Game ,English,USA,2010,6.8
Tony Scott,Action|Biography|Crime|Drama|Thriller,Domino ,English,France,2005,6
William Friedkin,Crime|Drama|Thriller,Jade ,English,USA,1995,5.1
Mark Neveldine,Action|Sci-Fi|Thriller,Gamer ,English,USA,2009,5.8
Richard LaGravenese,Drama|Fantasy|Romance,Beautiful Creatures ,English,USA,2013,6.2
Danny DeVito,Comedy|Crime|Drama|Thriller,Death to Smoochy ,English,UK,2002,6.4
Ben Stiller,Comedy,Zoolander 2 ,English,USA,2016,4.8
George Armitage,Comedy|Crime,The Big Bounce ,English,USA,2004,4.9
Mike Nichols,Comedy|Sci-Fi,What Planet Are You From? ,English,USA,2000,5.6
Patrick Lussier,Action|Fantasy|Thriller,Drive Angry ,English,USA,2011,5.5
Andrzej Bartkowiak,Action|Crime|Drama|Mystery|Thriller,Street Fighter: The Legend of Chun-Li ,English,Canada,2009,3.7
James Wong,Action|Sci-Fi|Thriller,The One ,English,USA,2001,5.9
Renny Harlin,Action|Adventure|Comedy|Crime|Music|Mystery,The Adventures of Ford Fairlane ,English,USA,1990,6.3
Richard Curtis,Comedy|Drama|Music,Pirate Radio ,English,UK,2009,7.4
Steven Soderbergh,Crime|Drama|Thriller,Traffic ,English,USA,2000,7.6
Steven Spielberg,Action|Adventure|Fantasy,Indiana Jones and the Last Crusade ,English,USA,1989,8.3
Joe Wright,Drama|Romance,Anna Karenina ,English,UK,2012,6.6
Neill Blomkamp,Action|Crime|Drama|Sci-Fi|Thriller,Chappie ,English,USA,2015,6.9
Phillip Noyce,Crime|Drama|Mystery|Thriller,The Bone Collector ,English,USA,1999,6.7
David Fincher,Crime|Drama|Thriller,Panic Room ,English,USA,2002,6.8
David O. Russell,Action|Adventure|Comedy|Drama|War,Three Kings ,English,USA,1999,7.1
Daniel Espinosa,Crime|Drama|Thriller,Child 44 ,English,Czech Republic,2015,6.4
Jerry Zucker,Adventure|Comedy,Rat Race ,English,Canada,2001,6.4
Iain Softley,Drama|Mystery|Sci-Fi,K-PAX ,English,USA,2001,7.4
James Mangold,Comedy|Fantasy|Romance,Kate & Leopold ,English,USA,2001,6.4
Harold Ramis,Comedy|Fantasy|Romance,Bedazzled ,English,USA,2000,6
Francis Ford Coppola,Crime|Drama|Music,The Cotton Club ,English,USA,1984,6.5
James Mangold,Adventure|Crime|Drama|Western,3:10 to Yuma ,English,USA,2007,7.8
Olivier Megaton,Action|Thriller,Taken 3 ,English,France,2014,6
Steven Soderbergh,Crime|Drama|Romance|Thriller,Out of Sight ,English,USA,1998,7
Ben Stiller,Comedy|Drama|Thriller,The Cable Guy ,English,USA,1996,6
Deepa Mehta,Drama|Romance|War,Earth ,Hindi,India,1998,7.8
Warren Beatty,Action|Comedy|Crime|Music|Romance|Thriller,Dick Tracy ,English,USA,1990,6.1
John McTiernan,Crime|Romance|Thriller,The Thomas Crown Affair ,English,USA,1999,6.8
Penny Marshall,Biography|Comedy|Drama,Riding in Cars with Boys ,English,USA,2001,6.4
Paul Bolger,Adventure|Animation|Comedy|Family|Fantasy,Happily N'Ever After ,English,USA,2006,4.5
Stephen Frears,Drama|Horror|Romance|Thriller,Mary Reilly ,English,USA,1996,5.8
P.J. Hogan,Comedy|Romance,My Best Friend's Wedding ,English,USA,1997,6.3
Joe Roth,Comedy|Romance,America's Sweethearts ,English,USA,2001,5.7
Christopher Nolan,Drama|Mystery|Thriller,Insomnia ,English,USA,2002,7.2
Jonathan Frakes,Action|Adventure|Drama|Sci-Fi|Thriller,Star Trek: First Contact ,English,USA,1996,7.6
Jimmy Hayward,Action|Drama|Fantasy|Thriller|Western,Jonah Hex ,English,USA,2010,4.7
Edward Zwick,Action|Drama|Mystery|Thriller|War,Courage Under Fire ,English,USA,1996,6.6
Tom Shadyac,Comedy|Fantasy|Romance,Liar Liar ,English,USA,1997,6.8
Brad Furman,Biography|Crime|Drama|Thriller,The Infiltrator ,English,UK,2016,7.3
Brian Levant,Comedy|Family|Fantasy,The Flintstones ,English,USA,1994,4.8
Olivier Megaton,Action|Crime|Thriller,Taken 2 ,English,France,2012,6.3
David Zucker,Comedy,Scary Movie 3 ,English,USA,2003,5.5
Donald Petrie,Action|Comedy|Crime|Romance,Miss Congeniality ,English,USA,2000,6.2
Eric Brevig,Action|Adventure|Family|Fantasy|Sci-Fi,Journey to the Center of the Earth ,English,USA,2008,5.8
Garry Marshall,Comedy|Family|Romance,The Princess Diaries 2: Royal Engagement ,English,USA,2004,5.7
Alan J. Pakula,Crime|Drama|Mystery|Thriller,The Pelican Brief ,English,USA,1993,6.5
Joel Schumacher,Crime|Drama|Mystery|Thriller,The Client ,English,USA,1994,6.7
Rob Reiner,Adventure|Comedy|Drama,The Bucket List ,English,USA,2007,7.4
Phillip Noyce,Action|Thriller,Patriot Games ,English,USA,1992,6.9
Robert Luketic,Comedy|Romance,Monster-in-Law ,English,Germany,2005,5.5
Denis Villeneuve,Crime|Drama|Mystery|Thriller,Prisoners ,English,USA,2013,8.1
Antoine Fuqua,Crime|Drama|Thriller,Training Day ,English,USA,2001,7.7
Dean Parisot,Adventure|Comedy|Sci-Fi,Galaxy Quest ,English,USA,1999,7.3
Keenen Ivory Wayans,Comedy,Scary Movie 2 ,English,USA,2001,5.2
James Bobin,Adventure|Comedy|Family|Musical,The Muppets ,English,USA,2011,7.1
Stephen Norrington,Action|Horror,Blade ,English,USA,1998,7.1
Thomas Carter,Drama|Sport,Coach Carter ,English,USA,2005,7.2
Roger Michell,Drama|Thriller,Changing Lanes ,English,USA,2002,6.5
Luis Llosa,Action|Adventure|Horror|Thriller,Anaconda ,English,USA,1997,4.6
David McNally,Comedy|Drama|Music|Romance,Coyote Ugly ,English,USA,2000,5.6
Richard Curtis,Comedy|Drama|Romance,Love Actually ,English,UK,2003,7.7
John Lasseter,Adventure|Animation|Comedy|Family|Fantasy,A Bug's Life ,English,USA,1998,7.2
Albert Hughes,Horror|Mystery|Thriller,From Hell ,English,USA,2001,6.8
Luis Llosa,Action|Crime|Drama|Romance|Thriller,The Specialist ,English,Peru,1994,5.4
Ron Shelton,Comedy|Drama|Romance|Sport,Tin Cup ,English,USA,1996,6.3
Jesse Dylan,Comedy|Family|Romance|Sport,Kicking & Screaming ,English,USA,2005,5.6
Garth Jennings,Adventure|Comedy|Sci-Fi,The Hitchhiker's Guide to the Galaxy ,English,USA,2005,6.8
Joel Zwick,Comedy|Family|Fantasy|Romance,Fat Albert ,English,USA,2004,4.3
Russell Mulcahy,Action|Horror|Sci-Fi|Thriller,Resident Evil: Extinction ,English,France,2007,6.3
Frank Coraci,Comedy|Romance,Blended ,English,USA,2014,6.5
Wayne Wang,Adventure|Comedy|Drama,Last Holiday ,English,USA,2006,6.4
Curtis Hanson,Action|Adventure|Crime|Thriller,The River Wild ,English,USA,1994,6.3
Frank Oz,Drama|Family|Fantasy,The Indian in the Cupboard ,English,USA,1995,5.9
Oliver Stone,Crime|Drama|Thriller,Savages ,English,USA,2012,6.5
David R. Ellis,Action|Crime|Thriller,Cellular ,English,USA,2004,6.5
Peter Howitt,Action|Adventure|Comedy,Johnny English ,English,UK,2003,6.1
John A. Davis,Adventure|Animation|Comedy|Family|Fantasy,The Ant Bully ,English,USA,2006,5.9
David Lynch,Action|Adventure|Sci-Fi,Dune ,English,USA,1984,6.6
Julie Taymor,Drama|Fantasy|Musical|Romance,Across the Universe ,English,USA,2007,7.4
Sam Mendes,Drama|Romance,Revolutionary Road ,English,USA,2008,7.3
Richard Donner,Action|Crime|Drama|Thriller,16 Blocks ,English,Germany,2006,6.6
Mathieu Kassovitz,Action|Adventure|Sci-Fi|Thriller,Babylon A.D. ,English,France,2008,5.6
John Gray,Action|Comedy|Crime|Drama|Thriller,The Glimmer Man ,English,USA,1996,5.3
Harold Ramis,Comedy|Romance|Sci-Fi,Multiplicity ,English,USA,1996,6
John Schultz,Adventure|Comedy|Family|Fantasy|Sci-Fi,Aliens in the Attic ,English,USA,2009,5.4
Sean Penn,Crime|Drama|Mystery|Thriller,The Pledge ,English,USA,2001,6.8
Susan Stroman,Comedy|Musical,The Producers ,English,USA,2005,6.4
Pete Travis,Action|Sci-Fi,Dredd ,English,UK,2012,7.1
Simon Wincer,Action|Adventure|Comedy|Fantasy,The Phantom ,English,Australia,1996,4.9
Billy Bob Thornton,Drama|Romance|Western,All the Pretty Horses ,English,USA,2000,5.8
Oliver Stone,Biography|Drama|History,Nixon ,English,USA,1995,7.1
Roman Polanski,Mystery|Thriller,The Ghost Writer ,English,France,2010,7.2
Stephen Sommers,Action|Adventure|Horror|Sci-Fi,Deep Rising ,English,USA,1998,6
Spike Lee,Action|Crime|Drama|Thriller|War,Miracle at St. Anna ,English,USA,2008,6
Yimou Zhang,Drama|Romance,Curse of the Golden Flower ,Mandarin,China,2006,7
Danny Pang,Action|Crime|Thriller,Bangkok Dangerous ,English,USA,2008,5.4
Barry Sonnenfeld,Comedy|Crime|Thriller,Big Trouble ,English,USA,2002,6.5
Mike Newell,Drama|Romance,Love in the Time of Cholera ,English,USA,2007,6.4
George P. Cosmatos,Action|Thriller,Shadow Conspiracy ,English,USA,1997,4.9
Oliver Parker,Action|Adventure|Comedy|Crime,Johnny English Reborn ,English,USA,2011,6.3
Ben Affleck,Biography|Drama|History|Thriller,Argo ,English,USA,2012,7.7
Andrew Davis,Action|Adventure|Crime|Drama|Mystery|Thriller,The Fugitive ,English,USA,1993,7.8
Andy Tennant,Action|Comedy|Romance,The Bounty Hunter ,English,USA,2010,5.5
Barry Levinson,Crime|Drama|Thriller,Sleepers ,English,USA,1996,7.5
George P. Cosmatos,Action|Adventure|Thriller|War,Rambo: First Blood Part II ,English,USA,1985,6.4
Brian Gibson,Drama|Thriller,The Juror ,English,USA,1996,5.6
Norman Ferguson,Animation|Family|Fantasy|Musical,Pinocchio ,English,USA,1940,7.5
Michael Cimino,Adventure|Drama|Western,Heaven's Gate ,English,USA,1980,6.8
Len Wiseman,Action|Adventure|Fantasy|Sci-Fi|Thriller,Underworld: Evolution ,English,USA,2006,6.8
Paul McGuigan,Drama|Horror|Sci-Fi|Thriller,Victor Frankenstein ,English,USA,2015,6
Gus Van Sant,Drama,Finding Forrester ,English,USA,2000,7.3
Betty Thomas,Comedy|Drama,28 Days ,English,USA,2000,6
Louis Leterrier,Action|Crime|Drama|Thriller,Unleashed ,English,France,2005,7
Roger Kumble,Comedy|Romance,The Sweetest Thing ,English,USA,2002,5.1
Sydney Pollack,Drama|Mystery|Thriller,The Firm ,English,USA,1993,6.8
Burr Steers,Drama|Fantasy|Romance,Charlie St. Cloud ,English,USA,2010,6.5
Simon West,Action|Crime|Thriller,The Mechanic ,English,USA,2011,6.6
Phil Lord,Action|Comedy|Crime,21 Jump Street ,English,USA,2012,7.2
Roger Michell,Comedy|Drama|Romance,Notting Hill ,English,UK,1999,7
Peter Lord,Adventure|Animation|Comedy|Drama|Family,Chicken Run ,English,UK,2000,7
John Hamburg,Comedy|Romance,Along Came Polly ,English,USA,2004,5.9
Reginald Hudlin,Comedy|Drama|Romance,Boomerang ,English,USA,1992,5.4
Paul Feig,Action|Comedy|Crime,The Heat ,English,USA,2013,6.6
Joseph L. Mankiewicz,Biography|Drama|History|Romance,Cleopatra ,English,UK,1963,7
Frank Coraci,Action|Comedy|Sport,Here Comes the Boom ,English,USA,2012,6.5
Carl Franklin,Crime|Drama|Mystery|Thriller,High Crimes ,English,USA,2002,6.3
Barbra Streisand,Comedy|Drama|Romance,The Mirror Has Two Faces ,English,USA,1996,6.5
Mark Pellington,Drama|Horror|Mystery|Thriller,The Mothman Prophecies ,English,USA,2002,6.5
Larry Charles,Comedy,Brüno ,English,USA,2009,5.8
John Glen,Action|Adventure|Thriller,Licence to Kill ,English,UK,1989,6.6
Catherine Hardwicke,Fantasy|Horror|Mystery|Thriller,Red Riding Hood ,English,USA,2011,5.4
John Herzfeld,Action|Crime|Drama|Thriller,15 Minutes ,English,USA,2001,6.1
Annabel Jankel,Adventure|Comedy|Family|Fantasy|Sci-Fi,Super Mario Bros. ,English,UK,1993,4
Andrew Niccol,Crime|Drama|Thriller,Lord of War ,English,USA,2005,7.6
Yimou Zhang,Action|Adventure|History,Hero ,Mandarin,China,2002,7.9
Julie Anne Robinson,Action|Comedy|Crime|Romance|Thriller,One for the Money ,English,USA,2012,5.3
Evan Goldberg,Comedy,The Interview ,English,USA,2014,6.6
Sngmoo Lee,Action|Fantasy|Western,The Warrior's Way ,English,New Zealand,2010,6.3
Jean-Pierre Jeunet,Action|Comedy|Crime,Micmacs ,French,France,2009,7.2
Curtis Hanson,Drama|Music,8 Mile ,English,USA,2002,7
Brian Helgeland,Action|Adventure|Romance,A Knight's Tale ,English,USA,2001,6.9
Gordon Chan,Action|Comedy|Fantasy,The Medallion ,English,Hong Kong,2003,5.2
M. Night Shyamalan,Drama|Mystery|Thriller,The Sixth Sense ,English,USA,1999,8.1
Asger Leth,Action|Crime|Thriller,Man on a Ledge ,English,USA,2012,6.6
David Frankel,Comedy,The Big Year ,English,USA,2011,6.2
John G. Avildsen,Action|Drama|Family|Sport,The Karate Kid ,English,USA,1984,7.2
David O. Russell,Crime|Drama,American Hustle ,English,USA,2013,7.3
Anne Fletcher,Comedy|Drama|Romance,The Proposal ,English,USA,2009,6.7
Bruce Beresford,Crime|Mystery|Thriller,Double Jeopardy ,English,USA,1999,6.4
Robert Zemeckis,Adventure|Comedy|Sci-Fi,Back to the Future Part II ,English,USA,1989,7.8
Luc Besson,Action|Sci-Fi|Thriller,Lucy ,English,France,2014,6.4
Sam Taylor-Johnson,Drama|Romance,Fifty Shades of Grey ,English,USA,2015,4.1
Robert Rodriguez,Action|Adventure|Comedy|Family|Sci-Fi,Spy Kids 3-D: Game Over ,English,USA,2003,4.1
Joel Schumacher,Crime|Drama|Thriller,A Time to Kill ,English,USA,1996,7.4
Shawn Levy,Comedy|Family,Cheaper by the Dozen ,English,USA,2003,5.8
Peter Berg,Action|Biography|Drama|Thriller|War,Lone Survivor ,English,USA,2013,7.6
Penny Marshall,Comedy|Drama|Sport,A League of Their Own ,English,USA,1992,7.2
James Wan,Horror|Mystery|Thriller,The Conjuring 2 ,English,USA,2016,7.8
David Fincher,Biography|Drama,The Social Network ,English,USA,2010,7.7
Ken Kwapis,Comedy|Drama|Romance,He's Just Not That Into You ,English,USA,2009,6.4
David Zucker,Comedy,Scary Movie 4 ,English,USA,2006,5.1
Wes Craven,Horror|Mystery,Scream 3 ,English,USA,2000,5.5
Robert Zemeckis,Adventure|Comedy|Sci-Fi|Western,Back to the Future Part III ,English,USA,1990,7.4
Etan Cohen,Comedy|Crime,Get Hard ,English,USA,2015,6
Francis Ford Coppola,Fantasy|Horror|Romance,Bram Stoker's Dracula ,English,USA,1992,7.5
Nora Ephron,Biography|Drama|Romance,Julie & Julia ,English,USA,2009,7
Brian Helgeland,Biography|Drama|Sport,42 ,English,USA,2013,7.5
Anthony Minghella,Crime|Drama|Thriller,The Talented Mr. Ripley ,English,USA,1999,7.3
Bobby Farrelly,Comedy,Dumb and Dumber To ,English,USA,2014,5.7
Frank Marshall,Adventure|Drama|Family,Eight Below ,English,USA,2006,7.3
Nancy Meyers,Comedy|Drama,The Intern ,English,USA,2015,7.2
Tim Story,Action|Comedy,Ride Along 2 ,English,USA,2016,5.9
Michael Mann,Action|Adventure|Drama|Romance|War,The Last of the Mohicans ,English,USA,1992,7.8
Taylor Hackford,Biography|Drama|Music,Ray ,English,USA,2004,7.7
Frank Miller,Crime|Thriller,Sin City ,English,USA,2005,8.1
Pete Travis,Crime|Drama|Mystery|Thriller,Vantage Point ,English,USA,2008,6.6
John Hamburg,Comedy|Romance,"I Love You, Man ",English,USA,2009,7.1
Bobby Farrelly,Comedy|Drama|Fantasy|Romance,Shallow Hal ,English,USA,2001,5.9
Oliver Stone,Drama|History|Thriller,JFK ,English,France,1991,8
John Whitesell,Comedy|Crime,Big Momma's House 2 ,English,USA,2006,4.6
Gore Verbinski,Adventure|Comedy|Crime|Romance,The Mexican ,English,USA,2001,6.1
Angelina Jolie Pitt,Biography|Drama|Sport|War,Unbroken ,English,USA,2014,7.2
Burr Steers,Comedy|Drama|Family|Fantasy|Romance,17 Again ,English,USA,2009,6.4
Nick Cassavetes,Comedy|Romance,The Other Woman ,English,USA,2014,6
David R. Ellis,Horror,The Final Destination ,English,USA,2009,5.2
Steven Spielberg,Drama|History|Thriller,Bridge of Spies ,English,USA,2015,7.6
John Moore,Action|Drama|Thriller|War,Behind Enemy Lines ,English,USA,2001,6.4
Nicholas Stoller,Comedy|Music,Get Him to the Greek ,English,USA,2010,6.4
Peter Chelsom,Comedy|Drama|Romance,Shall We Dance ,English,USA,2004,6.1
Joe Dante,Action|Adventure|Comedy|Family|Sci-Fi,Small Soldiers ,English,USA,1998,6.1
Mark A.Z. Dippé,Action|Horror,Spawn ,English,USA,1997,5.2
Kevin Reynolds,Action|Adventure|Drama|Romance|Thriller,The Count of Monte Cristo ,English,UK,2002,7.7
Brad Furman,Crime|Drama|Thriller,The Lincoln Lawyer ,English,USA,2011,7.3
Jaume Collet-Serra,Action|Mystery|Thriller,Unknown ,English,UK,2011,6.9
Christopher Nolan,Drama|Mystery|Sci-Fi|Thriller,The Prestige ,English,USA,2006,8.5
Sean Anders,Comedy|Crime,Horrible Bosses 2 ,English,USA,2014,6.3
Cal Brunker,Adventure|Animation|Comedy|Family|Sci-Fi,Escape from Planet Earth ,English,USA,2013,5.9
Mel Gibson,Action|Adventure|Drama|Thriller,Apocalypto ,Maya,USA,2006,7.8
John Glen,Action|Adventure|Thriller,The Living Daylights ,English,UK,1987,6.7
Nimród Antal,Action|Adventure|Sci-Fi|Thriller,Predators ,English,USA,2010,6.4
Ivan Reitman,Comedy|Crime|Romance,Legal Eagles ,English,USA,1986,5.9
David Koepp,Mystery|Thriller,Secret Window ,English,USA,2004,6.6
Alejandro Agresti,Drama|Fantasy|Romance,The Lake House ,English,USA,2006,6.8
Iain Softley,Horror|Mystery|Thriller,The Skeleton Key ,English,USA,2005,6.5
Peter Hedges,Comedy|Drama|Family|Fantasy,The Odd Life of Timothy Green ,English,USA,2012,6.6
Paul Weiland,Comedy|Romance,Made of Honor ,English,USA,2008,5.8
Clint Eastwood,Biography|Drama|Music|Musical,Jersey Boys ,English,USA,2014,6.9
Francis Ford Coppola,Crime|Drama|Thriller,The Rainmaker ,English,USA,1997,7.1
Mathieu Kassovitz,Horror|Mystery|Thriller,Gothika ,English,USA,2003,5.8
Steven Spielberg,Drama|History,Amistad ,English,USA,1997,7.2
John McTiernan,Adventure|Drama|Romance,Medicine Man ,English,USA,1992,6
Colin Strause,Action|Horror|Sci-Fi|Thriller,Aliens vs. Predator: Requiem ,English,USA,2007,4.7
Donald Petrie,Comedy|Family,Ri¢hie Ri¢h ,English,USA,1994,5.2
Joan Chen,Drama|Romance,Autumn in New York ,English,USA,2000,5.5
Marc Lawrence,Comedy|Music|Romance,Music and Lyrics ,English,USA,2007,6.5
Greg Mottola,Adventure|Comedy|Sci-Fi,Paul ,English,USA,2011,7
Anne Fletcher,Comedy|Drama,The Guilt Trip ,English,USA,2012,5.8
Wes Craven,Horror|Mystery,Scream 4 ,English,USA,2011,6.2
Joel Schumacher,Mystery|Thriller,8MM ,English,Germany,1999,6.5
Oliver Stone,Biography|Drama|Music|Musical,The Doors ,English,USA,1991,7.2
Jake Kasdan,Comedy,Sex Tape ,English,USA,2014,5.1
Diane Keaton,Comedy|Drama,Hanging Up ,English,Germany,2000,4.7
Steven Quale,Horror,Final Destination 5 ,English,USA,2011,5.9
Kelly Makin,Comedy|Crime|Romance,Mickey Blue Eyes ,English,UK,1999,5.8
Mimi Leder,Drama,Pay It Forward ,English,USA,2000,7.2
Bobby Farrelly,Comedy|Drama|Romance|Sport,Fever Pitch ,English,USA,2005,6.2
Steven Brill,Comedy|Drama,Drillbit Taylor ,English,USA,2008,5.7
Seth MacFarlane,Comedy|Western,A Million Ways to Die in the West ,English,USA,2014,6.1
Russell Mulcahy,Action|Adventure|Crime|Fantasy|Mystery|Thriller,The Shadow ,English,USA,1994,6
Stephen Daldry,Adventure|Drama|Mystery,Extremely Loud & Incredibly Close ,English,USA,2011,6.9
Roger Michell,Comedy|Drama|Romance,Morning Glory ,English,USA,2010,6.5
Jim Sheridan,Biography|Crime|Drama|Music,Get Rich or Die Tryin' ,English,USA,2005,5
Christian Duguay,Action|Adventure|Crime|Thriller,The Art of War ,English,USA,2000,5.7
Chris Columbus,Drama|Musical|Romance,Rent ,English,USA,2005,7
Chuck Russell,Crime|Drama|Horror|Thriller,Bless the Child ,English,USA,2000,5.1
Sam Weisman,Comedy,The Out-of-Towners ,English,USA,1999,5.3
John Frankenheimer,Horror|Sci-Fi|Thriller,The Island of Dr. Moreau ,English,USA,1996,4.4
Peter Hyams,Action|Adventure|Romance,The Musketeer ,English,Germany,2001,4.7
Justin Chadwick,Biography|Drama|History|Romance,The Other Boleyn Girl ,English,UK,2008,6.7
Pat O'Connor,Drama|Romance,Sweet November ,English,USA,2001,6.7
Stephen Hopkins,Horror|Thriller,The Reaping ,English,USA,2007,5.7
Martin Scorsese,Crime|Drama|Romance|Thriller,Mean Streets ,English,USA,1973,7.4
Penny Marshall,Comedy|Drama,Renaissance Man ,English,USA,1994,6.1
Olivier Megaton,Action|Crime|Drama|Thriller,Colombiana ,English,France,2011,6.4
Frederik Du Chau,Adventure|Animation|Comedy|Drama|Family|Fantasy|Musical,The Magic Sword: Quest for Camelot ,English,USA,1998,6.2
Michael Caton-Jones,Crime|Drama|Mystery|Thriller,City by the Sea ,English,USA,2002,6.2
Irwin Winkler,Drama|Romance,At First Sight ,English,USA,1999,5.9
Joseph Kahn,Action|Comedy|Crime,Torque ,English,USA,2004,4
Harold Becker,Drama|Thriller,City Hall ,English,USA,1996,6.2
Paul Verhoeven,Drama,Showgirls ,English,France,1995,4.6
Sofia Coppola,Biography|Drama|History|Romance,Marie Antoinette ,English,USA,2006,6.4
Barbet Schroeder,Action|Crime|Thriller,Kiss of Death ,English,USA,1995,5.9
Stephen Kay,Action|Crime|Drama|Thriller,Get Carter ,English,USA,2000,5.1
J.A. Bayona,Drama|Thriller,The Impossible ,English,Spain,2012,7.6
Elaine May,Action|Adventure|Comedy|Music|Thriller,Ishtar ,English,USA,1987,4.2
Wes Anderson,Adventure|Animation|Comedy|Crime|Family,Fantastic Mr. Fox ,English,USA,2009,7.8
Stephen Herek,Comedy|Romance,Life or Something Like It ,English,USA,2002,5.8
John Carpenter,Comedy|Romance|Sci-Fi|Thriller,Memoirs of an Invisible Man ,English,USA,1992,5.9
Jean-Pierre Jeunet,Comedy|Romance,Amélie ,French,France,2001,8.4
Dennie Gordon,Comedy|Crime|Family|Romance,New York Minute ,English,USA,2004,4.8
Charles Shyer,Comedy|Drama|Romance,Alfie ,English,UK,2004,6.2
Ken Kwapis,Biography|Drama|Romance,Big Miracle ,English,USA,2012,6.5
Ulu Grosbard,Drama,The Deep End of the Ocean ,English,USA,1999,6.3
William Malone,Crime|Horror|Thriller,Feardotcom ,English,UK,2002,3.3
Paul Weitz,Action|Adventure|Fantasy|Thriller,Cirque du Freak: The Vampire's Assistant ,English,USA,2009,5.9
Paul McGuigan,Drama|Horror|Sci-Fi|Thriller,Victor Frankenstein ,English,USA,2015,6
Danny DeVito,Comedy,Duplex ,English,USA,2003,5.8
Malcolm D. Lee,Comedy|Drama|Music,Soul Men ,English,USA,2008,6.5
Jerry Jameson,Action|Adventure|Drama|Thriller,Raise the Titanic ,English,UK,1980,4.7
Mic Rodgers,Action|Sci-Fi,Universal Soldier: The Return ,English,USA,1999,4.1
Christian Alvart,Action|Horror|Mystery|Sci-Fi|Thriller,Pandorum ,English,Germany,2009,6.8
Gary Fleder,Drama|Mystery|Sci-Fi|Thriller,Impostor ,English,USA,2001,6.2
Christian Duguay,Action|Adventure|Thriller,Extreme Ops ,English,UK,2002,4.5
Jean-Marie Poiré,Comedy|Fantasy|Sci-Fi,Just Visiting ,English,France,2001,5.8
Danny Boyle,Adventure|Sci-Fi|Thriller,Sunshine ,English,UK,2007,7.3
Brian Robbins,Comedy|Drama,A Thousand Words ,English,USA,2012,5.9
Marc F. Adler,Adventure|Animation|Comedy|Fantasy|Romance,Delgo ,English,USA,2008,4.4
Pierre Morel,Action|Crime|Drama|Mystery|Thriller,The Gunman ,English,USA,2015,5.8
Geoffrey Sax,Action|Adventure|Family|Thriller,Alex Rider: Operation Stormbreaker ,English,Germany,2006,5.1
D.J. Caruso,Drama|Mystery|Thriller,Disturbia ,English,USA,2007,6.9
Iain Softley,Comedy|Crime|Drama|Thriller,Hackers ,English,USA,1995,6.2
Richard Shepard,Adventure|Comedy|Drama|Romance|Thriller|War,The Hunting Party ,English,USA,2007,6.9
Joel Coen,Comedy|Fantasy,The Hudsucker Proxy ,English,UK,1994,7.3
Peter Ho-Sun Chan,Action|Drama|History|Romance|War,The Warlords ,Mandarin,Hong Kong,2007,7.1
Sergey Bodrov,Drama|History|War,Nomad: The Warrior ,Kazakh,France,2005,6
Joon-ho Bong,Action|Drama|Sci-Fi|Thriller,Snowpiercer ,English,South Korea,2013,7
Jeff Nathanson,Comedy,The Last Shot ,English,USA,2004,5.7
Alex Proyas,Action|Drama|Fantasy,The Crow ,English,USA,1994,7.6
S.S. Rajamouli,Action|Adventure|Drama|Fantasy|War,Baahubali: The Beginning ,Telugu,India,2015,8.4
Robert Schwentke,Drama|Fantasy|Romance|Sci-Fi,The Time Traveler's Wife ,English,USA,2009,7.1
Michael Lehmann,Comedy|Romance,Because I Said So ,English,USA,2007,5.6
Rob Cohen,Action|Crime|Thriller,The Fast and the Furious ,English,USA,2001,6.7
Tim Burton,Animation|Comedy|Family|Horror|Sci-Fi,Frankenweenie ,English,USA,2012,7
Joss Whedon,Action|Adventure|Sci-Fi|Thriller,Serenity ,English,USA,2005,8
Charles S. Dutton,Biography|Drama|Romance|Sport,Against the Ropes ,English,USA,2004,5.3
Richard Lester,Action|Comedy|Sci-Fi,Superman III ,English,UK,1983,4.9
Peter Segal,Comedy|Sport,Grudge Match ,English,USA,2013,6.4
John Woo,Action|Adventure|Drama|History|War,Red Cliff ,Mandarin,China,2008,7.4
Andy Tennant,Comedy|Romance,Sweet Home Alabama ,English,USA,2002,6.1
Robert Luketic,Comedy|Romance,The Ugly Truth ,English,USA,2009,6.5
Jonathan Lynn,Comedy,Sgt. Bilko ,English,USA,1996,5.7
Robert Rodriguez,Action|Adventure|Comedy|Family|Sci-Fi,Spy Kids 2: Island of Lost Dreams ,English,USA,2002,5.1
David Carson,Action|Adventure|Mystery|Sci-Fi|Thriller,Star Trek: Generations ,English,USA,1994,6.6
Kar-Wai Wong,Action|Biography|Drama,The Grandmaster ,Mandarin,Hong Kong,2013,6.5
Francis Lawrence,Drama|Romance,Water for Elephants ,English,USA,2011,6.9
Norman Jewison,Biography|Drama|Sport,The Hurricane ,English,USA,1999,7.6
Michael Apted,Crime|Drama|Thriller,Enough ,English,USA,2002,5.6
David Mirkin,Comedy|Crime|Romance,Heartbreakers ,English,USA,2001,6.2
Andy Fickman,Action|Comedy|Crime,Paul Blart: Mall Cop 2 ,English,USA,2015,4.4
Luis Mandoki,Drama|Romance,Angel Eyes ,English,USA,2001,5.6
John Pasquin,Comedy|Drama,Joe Somebody ,English,USA,2001,5.5
Roman Polanski,Mystery|Thriller,The Ninth Gate ,English,Spain,1999,6.7
Michael Apted,Crime|Drama|Mystery|Thriller,Extreme Measures ,English,USA,1996,6.1
Stephen Herek,Drama|Music,Rock Star ,English,USA,2001,6.2
Lee Daniels,Drama,Precious ,English,USA,2009,7.3
Ridley Scott,Adventure|Drama,White Squall ,English,USA,1996,6.6
John Carpenter,Horror|Mystery|Sci-Fi,The Thing ,English,USA,1982,8.2
David Twohy,Action|Sci-Fi|Thriller,Riddick ,English,USA,2013,6.4
Jeb Stuart,Crime|Mystery|Thriller,Switchback ,English,USA,1997,6.4
Steve Miner,Action|Adventure|Drama|Thriller|Western,Texas Rangers ,English,USA,2001,5.2
Gil Kenan,Adventure|Family|Fantasy|Sci-Fi,City of Ember ,English,USA,2008,6.5
Paul Thomas Anderson,Drama,The Master ,English,USA,2012,7.1
Gary Fleder,Biography|Drama|Sport,The Express ,English,USA,2008,7.3
J Blakeson,Action|Adventure|Sci-Fi|Thriller,The 5th Wave ,English,USA,2016,5.2
Ryan Coogler,Drama|Sport,Creed ,English,USA,2015,7.7
Ben Affleck,Crime|Drama|Thriller,The Town ,English,USA,2010,7.6
Kirk Jones,Comedy|Drama|Romance,What to Expect When You're Expecting ,English,USA,2012,5.7
Ethan Coen,Comedy|Drama,Burn After Reading ,English,USA,2008,7
Jennifer Flackett,Adventure|Comedy|Family|Fantasy,Nim's Island ,English,USA,2008,6
Ron Howard,Action|Biography|Drama|Sport,Rush ,English,UK,2013,8.1
Paul Thomas Anderson,Drama,Magnolia ,English,USA,1999,8
Kevin Smith,Action|Comedy|Crime,Cop Out ,English,USA,2010,5.6
Christian Ditter,Comedy|Romance,How to Be Single ,English,USA,2016,6.1
Charles Martin Smith,Drama|Family,Dolphin Tale ,English,USA,2011,6.9
Catherine Hardwicke,Drama|Fantasy|Romance,Twilight ,English,USA,2008,5.2
Nick Cassavetes,Crime|Drama|Thriller,John Q ,English,USA,2002,7
Les Mayfield,Action|Comedy|Crime|Thriller,Blue Streak ,English,USA,1999,6.3
Rawson Marshall Thurber,Comedy|Crime,We're the Millers ,English,USA,2013,7
Jonathan Mostow,Action|Crime|Drama|Mystery|Thriller,Breakdown ,English,USA,1997,6.9
Irvin Kershner,Action|Adventure|Thriller,Never Say Never Again ,English,UK,1983,6.2
Steve Pink,Comedy|Sci-Fi,Hot Tub Time Machine ,English,USA,2010,6.4
Charles Martin Smith,Drama|Family,Dolphin Tale 2 ,English,USA,2014,6.4
John Frankenheimer,Action|Adventure|Crime|Drama|Family|Fantasy|Romance|Thriller,Reindeer Games ,English,USA,2000,5.7
F. Gary Gray,Action|Crime|Drama|Thriller,A Man Apart ,English,USA,2003,6.1
Cameron Crowe,Comedy|Drama|Romance,Aloha ,English,USA,2015,5.4
Rob Reiner,Drama|History,Ghosts of Mississippi ,English,USA,1996,6.7
Scott Hicks,Drama|Mystery|Romance|Thriller,Snow Falling on Cedars ,English,USA,1999,6.8
Mikael Håfström,Drama|Horror|Mystery|Thriller,The Rite ,English,USA,2011,6
Andrew Niccol,Drama|Sci-Fi|Thriller,Gattaca ,English,USA,1997,7.8
Andrew Bergman,Biography|Comedy|Romance,Isn't She Great ,English,USA,2000,5.3
Kirk De Micco,Adventure|Animation|Comedy|Family|Sci-Fi,Space Chimps ,English,USA,2008,4.5
Chris Rock,Comedy,Head of State ,English,USA,2003,5.4
Todd Phillips,Comedy,The Hangover ,English,USA,2009,7.8
Wilson Yip,Action|Biography|Drama|History,Ip Man 3 ,Cantonese,Hong Kong,2015,7.2
Jay Roach,Action|Adventure|Comedy|Crime,Austin Powers: The Spy Who Shagged Me ,English,USA,1999,6.6
Tim Burton,Action|Adventure,Batman ,English,USA,1989,7.6
Roland Joffé,Biography|Drama|War,There Be Dragons ,English,Spain,2011,5.9
Richard Donner,Action|Crime|Thriller,Lethal Weapon 3 ,English,USA,1992,6.7
John Lee Hancock,Biography|Drama|Sport,The Blind Side ,English,USA,2009,7.7
Robert Rodriguez,Action|Adventure|Comedy|Family|Sci-Fi,Spy Kids ,English,USA,2001,5.4
Seth Gordon,Comedy|Crime,Horrible Bosses ,English,USA,2011,6.9
Ethan Coen,Adventure|Drama|Western,True Grit ,English,USA,2010,7.7
David Frankel,Comedy|Drama|Romance,The Devil Wears Prada ,English,USA,2006,6.8
Robert Wise,Adventure|Mystery|Sci-Fi,Star Trek: The Motion Picture ,English,USA,1979,6.4
Seth Gordon,Comedy|Crime,Identity Thief ,English,USA,2013,5.7
Martin Scorsese,Crime|Thriller,Cape Fear ,English,USA,1991,7.3
Robert Luketic,Crime|Drama|Thriller,21 ,English,USA,2008,6.8
Judd Apatow,Comedy|Romance,Trainwreck ,English,Japan,2015,6.3
Kevin Rodney Sullivan,Comedy|Romance,Guess Who ,English,USA,2005,5.9
Anthony Minghella,Drama|Romance|War,The English Patient ,English,USA,1996,7.4
Curtis Hanson,Crime|Drama|Mystery|Thriller,L.A. Confidential ,English,USA,1997,8.3
Mike Mitchell,Adventure|Comedy|Family|Sci-Fi,Sky High ,English,USA,2005,6.2
Frank Oz,Comedy,In & Out ,English,USA,1997,6.3
Roger Donaldson,Action|Horror|Sci-Fi|Thriller,Species ,English,USA,1995,5.8
Wes Craven,Horror,A Nightmare on Elm Street ,English,USA,1984,7.5
Tarsem Singh,Horror|Sci-Fi|Thriller,The Cell ,English,USA,2000,6.3
Randall Wallace,Action|Adventure,The Man in the Iron Mask ,English,USA,1998,6.4
Randall Wallace,Biography|Drama|Family|History|Sport,Secretariat ,English,USA,2010,7.2
Kevin Munroe,Action|Adventure|Animation|Comedy|Family|Fantasy|Sci-Fi,TMNT ,English,Hong Kong,2007,6.3
Michael Tollin,Biography|Drama|Sport,Radio ,English,USA,2003,6.9
Will Gluck,Comedy|Romance,Friends with Benefits ,English,USA,2011,6.6
Nicholas Stoller,Comedy,Neighbors 2: Sorority Rising ,English,USA,2016,6
John Lee Hancock,Biography|Comedy|Drama|History|Music,Saving Mr. Banks ,English,USA,2013,7.5
Spike Lee,Biography|Drama|History|Romance,Malcolm X ,English,USA,1992,7.7
Judd Apatow,Comedy,This Is 40 ,English,USA,2012,6.2
Walt Becker,Comedy|Family,Old Dogs ,English,USA,2009,5.4
Patrick Tatopoulos,Action|Adventure|Fantasy|Sci-Fi|Thriller,Underworld: Rise of the Lycans ,English,USA,2009,6.6
Ken Kwapis,Comedy|Romance,License to Wed ,English,USA,2007,5.3
Dennis Dugan,Comedy|Romance|Sport,The Benchwarmers ,English,USA,2006,5.6
Gary David Goldberg,Comedy|Romance,Must Love Dogs ,English,USA,2005,5.9
Mike Newell,Biography|Crime|Drama,Donnie Brasco ,English,USA,1997,7.8
Paul W.S. Anderson,Action|Horror|Sci-Fi,Resident Evil ,English,UK,2002,6.7
Tobe Hooper,Fantasy|Horror,Poltergeist ,English,USA,1982,7.4
Ethan Coen,Comedy|Crime|Thriller,The Ladykillers ,English,USA,2004,6.2
John Moore,Action|Crime|Drama|Mystery|Thriller,Max Payne ,English,Canada,2008,5.4
Andrew Niccol,Action|Sci-Fi|Thriller,In Time ,English,USA,2011,6.7
Alan Poul,Comedy|Romance,The Back-up Plan ,English,USA,2010,5.3
Luke Greenfield,Comedy|Drama|Romance,Something Borrowed ,English,USA,2011,5.9
Gil Junger,Adventure|Comedy|Fantasy,Black Knight ,English,USA,2001,4.8
Steven E. de Souza,Action|Adventure|Comedy|Thriller,Street Fighter ,English,Japan,1994,3.8
Roman Polanski,Biography|Drama|War,The Pianist ,English,France,2002,8.5
Albert Hughes,Horror|Mystery|Thriller,From Hell ,English,USA,2001,6.8
Catherine Hardwicke,Drama|Family|Fantasy,The Nativity Story ,English,USA,2006,6.8
Jaume Collet-Serra,Horror,House of Wax ,English,Australia,2005,5.3
Mike Nichols,Drama|Romance,Closer ,English,USA,2004,7.3
Clint Eastwood,Biography|Crime|Drama,J. Edgar ,English,USA,2011,6.6
Alexandre Aja,Horror|Mystery,Mirrors ,English,USA,2008,6.2
Michael Rymer,Drama|Fantasy|Horror,Queen of the Damned ,English,USA,2002,5.2
Stephen Hopkins,Action|Horror|Sci-Fi,Predator 2 ,English,USA,1990,6.2
Gregory Hoblit,Crime|Drama|Thriller,Untraceable ,English,USA,2008,6.2
Hugh Wilson,Comedy|Drama|Romance|Sci-Fi,Blast from the Past ,English,USA,1999,6.6
Kevin Smith,Comedy|Drama|Romance,Jersey Girl ,English,USA,2004,6.2
Rob Cohen,Action|Crime|Mystery|Thriller,Alex Cross ,English,USA,2012,5.1
Clint Eastwood,Crime|Drama|Mystery|Thriller,Midnight in the Garden of Good and Evil ,English,USA,1997,6.6
Susanna White,Comedy|Family|Fantasy,Nanny McPhee Returns ,English,UK,2010,6.1
Danny DeVito,Biography|Crime|Drama,Hoffa ,English,USA,1992,6.6
Chris Carter,Drama|Mystery|Sci-Fi|Thriller,The X Files: I Want to Believe ,English,USA,2008,5.9
Tommy O'Haver,Comedy|Family|Fantasy|Romance,Ella Enchanted ,English,USA,2004,6.3
Peter Landesman,Biography|Drama|Sport,Concussion ,English,UK,2015,7.1
John Singleton,Action|Mystery|Thriller,Abduction ,English,USA,2011,5
Gary Chapman,Adventure|Animation|Comedy|Family|War,Valiant ,English,UK,2005,5.6
Curtis Hanson,Comedy|Drama,Wonder Boys ,English,USA,2000,7.4
Craig Mazin,Action|Comedy|Sci-Fi|Thriller,Superhero Movie ,English,USA,2008,4.5
Allen Hughes,Crime|Drama|Thriller,Broken City ,English,USA,2013,6.2
Wes Craven,Comedy|Horror,Cursed ,English,USA,2005,5
David Koepp,Action|Crime|Thriller,Premium Rush ,English,USA,2012,6.5
Anne Fletcher,Action|Comedy|Crime,Hot Pursuit ,English,USA,2015,5.1
Shekhar Kapur,Adventure|Drama|Romance|War,The Four Feathers ,English,UK,2002,6.5
Taylor Hackford,Action|Crime|Romance|Thriller,Parker ,English,USA,2013,6.2
Richard Loncraine,Comedy|Romance|Sport,Wimbledon ,English,UK,2004,6.3
Roger Kumble,Comedy|Family,Furry Vengeance ,English,USA,2010,3.8
Robert Redford,Drama|Thriller|War,Lions for Lambs ,English,USA,2007,6.2
John Milius,Action|Drama|Thriller|War,Flight of the Intruder ,English,USA,1991,5.7
Jake Kasdan,Comedy|Music,Walk Hard: The Dewey Cox Story ,English,USA,2007,6.7
Lasse Hallström,Drama,The Shipping News ,English,USA,2001,6.8
Les Mayfield,Action|Western,American Outlaws ,English,USA,2001,6
Jean-Marc Vallée,Biography|Drama|History|Romance,The Young Victoria ,English,UK,2009,7.3
Dominic Sena,Action|Crime|Mystery|Thriller,Whiteout ,English,USA,2009,5.5
Terrence Malick,Drama|Fantasy,The Tree of Life ,English,USA,2011,6.7
Hark Tsui,Action|Comedy|Thriller,Knock Off ,English,Aruba,1998,4.8
David Ayer,Action|Crime|Drama|Thriller,Sabotage ,English,USA,2014,5.7
Brian Helgeland,Action|Mystery|Thriller,The Order ,English,USA,2003,5.1
Lexi Alexander,Action|Crime|Drama|Thriller,Punisher: War Zone ,English,USA,2008,6
Peter Hewitt,Action|Adventure|Family|Sci-Fi,Zoom ,English,USA,2006,4.2
Robert Zemeckis,Adventure|Biography|Drama|Thriller,The Walk ,English,USA,2015,7.4
Ronny Yu,Action|Adventure|Fantasy,Warriors of Virtue ,English,USA,1997,4.6
Ridley Scott,Comedy|Drama|Romance,A Good Year ,English,USA,2006,6.9
Richard Donner,Drama,Radio Flyer ,English,USA,1992,6.9
Taylor Hackford,Crime|Drama,"Blood In, Blood Out ",English,USA,1993,8
Bille August,Action|Drama|Sci-Fi|Thriller,Smilla's Sense of Snow ,English,Denmark,1997,6.4
Brian De Palma,Crime|Drama|Mystery|Thriller,Femme Fatale ,English,France,2002,6.3
Jean-Paul Rappeneau,Adventure|Drama|Romance|War,The Horseman on the Roof ,French,France,1995,7.1
Ang Lee,Drama|Romance|War|Western,Ride with the Devil ,English,USA,1999,6.8
Alejandro G. Iñárritu,Drama,Biutiful ,Spanish,Mexico,2010,7.5
Wes Ball,Action|Mystery|Sci-Fi|Thriller,The Maze Runner ,English,USA,2014,6.8
Ken Scott,Comedy,Unfinished Business ,English,USA,2015,5.4
Martin Scorsese,Drama|Romance,The Age of Innocence ,English,USA,1993,7.2
Darren Aronofsky,Drama|Sci-Fi,The Fountain ,English,USA,2006,7.3
Hugh Johnson,Action|Adventure|Comedy|Drama|Thriller,Chill Factor ,English,USA,1999,5.2
Simon West,Action|Crime|Drama|Thriller,Stolen ,English,USA,2012,5.5
Hayao Miyazaki,Adventure|Animation|Family|Fantasy,Ponyo ,Japanese,Japan,2008,7.7
George Tillman Jr.,Drama|Romance,The Longest Ride ,English,USA,2015,7.1
Rand Ravich,Drama|Sci-Fi|Thriller,The Astronaut's Wife ,English,USA,1999,5.3
Hugh Hudson,Adventure|Drama|Romance,I Dreamed of Africa ,English,USA,2000,5.6
Gabriele Muccino,Comedy|Romance|Sport,Playing for Keeps ,English,USA,2012,5.7
Justin Chadwick,Biography|Drama|History,Mandela: Long Walk to Freedom ,English,UK,2013,7.1
Rob Reiner,Drama|Thriller,A Few Good Men ,English,USA,1992,7.6
Andrzej Bartkowiak,Action|Comedy|Crime|Drama|Thriller,Exit Wounds ,English,USA,2001,5.5
Raja Gosnell,Action|Comedy|Crime,Big Momma's House ,English,USA,2000,5.1
Jeremy Degruson,Adventure|Animation|Comedy|Family|Fantasy,Thunder and the House of Magic ,English,Belgium,2013,6.3
Chris Gorak,Action|Adventure|Horror|Sci-Fi|Thriller,The Darkest Hour ,English,USA,2011,4.9
Scott Speer,Drama|Music|Romance,Step Up Revolution ,English,USA,2012,6.5
David R. Ellis,Action|Adventure|Crime|Drama|Thriller,Snakes on a Plane ,English,Germany,2006,5.6
Joe Charbanic,Crime|Horror|Mystery|Thriller,The Watcher ,English,USA,2000,5.3
Jonathan Hensleigh,Action|Crime|Drama|Thriller,The Punisher ,English,USA,2004,6.5
Danny Cannon,Drama|Romance|Sport,Goal! The Dream Begins ,English,USA,2005,6.8
Boaz Yakin,Action|Crime|Thriller,Safe ,English,USA,2012,6.5
Mike Newell,Comedy|Drama|Romance,Pushing Tin ,English,USA,1999,6
Richard Marquand,Action|Adventure|Fantasy|Sci-Fi,Star Wars: Episode VI - Return of the Jedi ,English,USA,1983,8.4
Neil Marshall,Action|Sci-Fi|Thriller,Doomsday ,English,UK,2008,6
Stephen Daldry,Drama|Romance,The Reader ,English,USA,2008,7.6
David Wain,Comedy,Wanderlust ,English,USA,2012,5.6
Jon Favreau,Comedy|Family|Fantasy|Romance,Elf ,English,USA,2003,6.9
Jon Turteltaub,Drama|Fantasy|Romance|Sci-Fi,Phenomenon ,English,USA,1996,6.4
Brian Levant,Adventure|Comedy|Family|Sport,Snow Dogs ,English,Canada,2002,5.1
Richard Donner,Comedy|Drama|Fantasy,Scrooged ,English,USA,1988,7
Jared Hess,Comedy|Family|Sport,Nacho Libre ,English,Germany,2006,5.7
Paul Feig,Comedy|Romance,Bridesmaids ,English,USA,2011,6.8
Evan Goldberg,Comedy|Fantasy,This Is the End ,English,USA,2013,6.7
Rupert Wainwright,Horror,Stigmata ,English,USA,1999,6.2
George Tillman Jr.,Biography|Drama,Men of Honor ,English,USA,2000,7.2
John Luessenhop,Action|Crime|Thriller,Takers ,English,USA,2010,6.2
Justin Zackham,Comedy,The Big Wedding ,English,USA,2013,5.6
John Whitesell,Action|Comedy|Crime,"Big Mommas: Like Father, Like Son ",English,USA,2011,4.4
Duncan Jones,Mystery|Sci-Fi|Thriller,Source Code ,English,USA,2011,7.5
Frank Marshall,Adventure|Biography|Drama|Thriller,Alive ,English,USA,1993,7.1
Joel Schumacher,Mystery|Thriller,The Number 23 ,English,USA,2007,6.4
Jean-Pierre Jeunet,Action|Adventure|Drama|Family,The Young and Prodigious T.S. Spivet ,English,France,2013,7.1
John Gatins,Drama|Family|Sport,Dreamer: Inspired by a True Story ,English,USA,2005,6.9
David Cronenberg,Crime|Drama|Thriller,A History of Violence ,English,USA,2005,7.5
Louis Leterrier,Action|Crime|Thriller,Transporter 2 ,English,France,2005,6.3
Sam Raimi,Action|Thriller|Western,The Quick and the Dead ,English,Japan,1995,6.4
Peter Howitt,Comedy|Romance,Laws of Attraction ,English,Ireland,2004,5.9
Martin Scorsese,Drama|Thriller,Bringing Out the Dead ,English,USA,1999,6.8
Miguel Sapochnik,Action|Crime|Sci-Fi|Thriller,Repo Men ,English,USA,2010,6.3
Hyung-rae Shim,Action|Drama|Fantasy|Horror|Thriller,Dragon Wars: D-War ,English,South Korea,2007,3.6
Norman Jewison,Comedy|Family|Fantasy,Bogus ,English,USA,1996,5.3
Don Scardino,Comedy,The Incredible Burt Wonderstone ,English,USA,2013,5.9
Mark Dindal,Animation|Comedy|Family|Fantasy|Musical,Cats Don't Dance ,English,USA,1997,6.9
Tim Robbins,Drama,Cradle Will Rock ,English,USA,1999,6.9
Steven Soderbergh,Drama|Mystery|Thriller,The Good German ,English,USA,2006,6.1
Francis Ford Coppola,Drama|War,Apocalypse Now ,English,USA,1979,8.5
Nanette Burstein,Comedy|Romance,Going the Distance ,English,USA,2010,6.3
Stephen Herek,Drama|Music,Mr. Holland's Opus ,English,USA,1995,7.3
Ariel Vromen,Action|Crime|Drama|Mystery|Sci-Fi|Thriller,Criminal ,English,UK,2016,6.3
Sydney Pollack,Biography|Drama|Romance,Out of Africa ,English,USA,1985,7.2
Robert Zemeckis,Drama|Thriller,Flight ,English,USA,2012,7.3
Lewis Gilbert,Action|Adventure|Sci-Fi|Thriller,Moonraker ,English,UK,1979,6.3
Wes Anderson,Adventure|Comedy|Crime|Drama,The Grand Budapest Hotel ,English,USA,2014,8.1
Scott Hicks,Drama|Mystery,Hearts in Atlantis ,English,USA,2001,6.9
Frank Marshall,Comedy|Fantasy|Horror|Thriller,Arachnophobia ,English,USA,1990,6.3
Gregory Hoblit,Crime|Drama|Mystery|Sci-Fi|Thriller,Frequency ,English,USA,2000,7.3
Paul Feig,Action|Comedy|Fantasy|Sci-Fi,Ghostbusters ,English,USA,2016,5.5
John Francis Daley,Adventure|Comedy,Vacation ,English,USA,2015,6.1
Barry Sonnenfeld,Comedy|Crime|Thriller,Get Shorty ,English,USA,1995,6.9
Rob Marshall,Comedy|Crime|Musical,Chicago ,English,USA,2002,7.2
Dennis Dugan,Comedy|Drama,Big Daddy ,English,USA,1999,6.4
J.B. Rogers,Comedy,American Pie 2 ,English,USA,2001,6.4
John Lasseter,Adventure|Animation|Comedy|Family|Fantasy,Toy Story ,English,USA,1995,8.3
Jan de Bont,Action|Adventure|Crime|Thriller,Speed ,English,USA,1994,7.2
Michael Sucsy,Drama|Romance,The Vow ,English,USA,2012,6.8
Tom Vaughan,Drama,Extraordinary Measures ,English,USA,2010,6.5
Boaz Yakin,Biography|Drama|Sport,Remember the Titans ,English,USA,2000,7.8
John McTiernan,Action|Adventure|Thriller,The Hunt for Red October ,English,USA,1990,7.6
Lee Daniels,Biography|Drama,Lee Daniels' The Butler ,English,USA,2013,7.2
Rawson Marshall Thurber,Comedy|Sport,Dodgeball: A True Underdog Story ,English,USA,2004,6.7
Barry Sonnenfeld,Comedy|Fantasy,The Addams Family ,English,USA,1991,6.8
Steve Oedekerk,Adventure|Comedy,Ace Ventura: When Nature Calls ,English,USA,1995,6.3
Garry Marshall,Comedy|Family|Romance,The Princess Diaries ,English,USA,2001,6.2
Hugh Wilson,Comedy,The First Wives Club ,English,USA,1996,6.2
David Fincher,Crime|Drama|Mystery|Thriller,Se7en ,English,USA,1995,8.6
Neill Blomkamp,Action|Sci-Fi|Thriller,District 9 ,English,South Africa,2009,8
Stephen Hillenburg,Adventure|Animation|Comedy|Family|Fantasy,The SpongeBob SquarePants Movie ,English,USA,2004,7
Clint Eastwood,Crime|Drama|Mystery|Thriller,Mystic River ,English,USA,2003,8
Clint Eastwood,Drama|Sport,Million Dollar Baby ,English,USA,2004,8.1
Harold Ramis,Comedy|Crime,Analyze This ,English,USA,1999,6.7
Nick Cassavetes,Drama|Romance,The Notebook ,English,USA,2004,7.9
Anne Fletcher,Comedy|Romance,27 Dresses ,English,USA,2008,6.1
Peter Chelsom,Comedy|Drama|Family|Music|Romance,Hannah Montana: The Movie ,English,USA,2009,4.2
Stig Bergqvist,Adventure|Animation|Comedy|Family|Romance,Rugrats in Paris: The Movie ,English,Germany,2000,6.1
Barbra Streisand,Drama|Romance,The Prince of Tides ,English,USA,1991,6.6
Edward Zwick,Drama|Romance|War|Western,Legends of the Fall ,English,USA,1994,7.5
Jason Reitman,Drama|Romance,Up in the Air ,English,USA,2009,7.4
Alexander Payne,Comedy|Drama,About Schmidt ,English,USA,2002,7.2
Jonathan Levine,Comedy|Horror|Romance,Warm Bodies ,English,USA,2013,6.9
Rian Johnson,Action|Crime|Drama|Sci-Fi|Thriller,Looper ,English,USA,2012,7.4
Chris Weitz,Comedy|Fantasy,Down to Earth ,English,USA,2001,5.4
Chris Noonan,Comedy|Drama|Family,Babe ,English,Australia,1995,6.8
David Frankel,Comedy|Drama|Romance,Hope Springs ,English,USA,2012,6.3
Nicholas Stoller,Comedy|Drama|Romance,Forgetting Sarah Marshall ,English,USA,2008,7.2
John Singleton,Action|Crime|Drama|Mystery|Thriller,Four Brothers ,English,USA,2005,6.9
Michael McCullers,Comedy|Romance,Baby Mama ,English,USA,2008,6
Forest Whitaker,Drama|Romance,Hope Floats ,English,USA,1998,5.9
Gary Winick,Comedy|Romance,Bride Wars ,English,USA,2009,5.4
Steven Brill,Adventure|Comedy|Mystery,Without a Paddle ,English,USA,2004,5.9
Gary Winick,Comedy|Fantasy|Romance,13 Going on 30 ,English,USA,2004,6.1
Woody Allen,Comedy|Fantasy|Romance,Midnight in Paris ,English,Spain,2011,7.7
Peter Lepeniotis,Adventure|Animation|Comedy|Family,The Nut Job ,English,Canada,2014,5.8
Ted Demme,Biography|Crime|Drama,Blow ,English,USA,2001,7.6
Luis Mandoki,Drama|Romance,Message in a Bottle ,English,USA,1999,6.1
William Shatner,Action|Adventure|Sci-Fi|Thriller,Star Trek V: The Final Frontier ,English,USA,1989,5.4
John Schultz,Comedy|Family|Fantasy|Sport,Like Mike ,English,USA,2002,5.1
Peter Segal,Comedy|Crime,Naked Gun 33 1/3: The Final Insult ,English,USA,1994,6.4
John Glen,Action|Adventure|Thriller,A View to a Kill ,English,UK,1985,6.3
Steve Box,Animation|Comedy|Family|Mystery|Sci-Fi,The Curse of the Were-Rabbit ,English,UK,2005,7.5
Richard LaGravenese,Drama|Romance,P.S. I Love You ,English,USA,2007,7.1
Frederik Du Chau,Adventure|Comedy|Drama|Family|Sport,Racing Stripes ,English,USA,2005,5.2
Joe Wright,Drama|Mystery|Romance|War,Atonement ,English,UK,2007,7.8
Gary Winick,Comedy|Drama|Romance,Letters to Juliet ,English,USA,2010,6.5
Ridley Scott,Action|Crime|Thriller,Black Rain ,English,USA,1989,6.6
Bobby Farrelly,Comedy,The Three Stooges ,English,USA,2012,5.1
Tim Burton,Animation|Drama|Family|Fantasy|Musical|Romance,Corpse Bride ,English,USA,2005,7.4
James Gartner,Biography|Drama|Sport,Glory Road ,English,USA,2006,7.2
Denis Villeneuve,Action|Crime|Drama|Mystery|Thriller,Sicario ,English,USA,2015,7.6
Antoine Fuqua,Drama|Sport,Southpaw ,English,USA,2015,7.5
Sam Raimi,Horror|Thriller,Drag Me to Hell ,English,USA,2009,6.6
Lee Toland Krieger,Drama|Fantasy|Romance,The Age of Adaline ,English,USA,2015,7.2
Tim McCanlies,Comedy|Drama|Family,Secondhand Lions ,English,USA,2003,7.6
Jon M. Chu,Drama|Music|Romance,Step Up 3D ,English,USA,2010,6.2
John Stockwell,Drama|Romance|Sport,Blue Crush ,English,USA,2002,5.6
Marc Forster,Comedy|Drama|Fantasy|Romance,Stranger Than Fiction ,English,USA,2006,7.6
David Slade,Horror,30 Days of Night ,English,USA,2007,6.6
Drew Goddard,Fantasy|Horror|Mystery|Thriller,The Cabin in the Woods ,English,USA,2012,7
Jason Friedberg,Comedy,Meet the Spartans ,English,USA,2008,2.7
Martin Brest,Action|Comedy|Crime|Thriller,Midnight Run ,English,USA,1988,7.6
Paul Michael Glaser,Action|Crime|Sci-Fi|Thriller,The Running Man ,English,USA,1987,6.6
Frank Oz,Comedy|Horror|Musical|Sci-Fi,Little Shop of Horrors ,English,USA,1986,6.9
Joe Wright,Action|Drama|Thriller,Hanna ,English,USA,2011,6.8
John R. Leonetti,Action|Adventure|Fantasy|Sci-Fi|Thriller,Mortal Kombat: Annihilation ,English,USA,1997,3.7
Tom Hanks,Comedy|Drama|Romance,Larry Crowne ,English,USA,2011,6.1
Kimberly Peirce,Drama|Fantasy|Horror,Carrie ,English,USA,2013,5.9
Liz Friedlander,Drama|Music,Take the Lead ,English,USA,2006,6.7
Phil Joanou,Crime|Drama|Sport,Gridiron Gang ,English,USA,2006,6.9
Sam Weisman,Comedy|Crime,What's the Worst That Could Happen? ,English,USA,2001,5.5
Shane Acker,Action|Adventure|Animation|Drama|Mystery|Sci-Fi|Thriller,9 ,English,USA,2009,7.1
Steven Soderbergh,Crime|Drama|Thriller,Side Effects ,English,USA,2013,7.1
Martha Coolidge,Comedy|Family|Romance,The Prince and Me ,English,USA,2004,5.9
Stephen J. Anderson,Adventure|Animation|Comedy|Family|Musical,Winnie the Pooh ,English,USA,2011,7.3
Troy Miller,Comedy,Dumb and Dumberer: When Harry Met Lloyd ,English,USA,2003,3.4
Warren Beatty,Comedy|Drama|Romance,Bulworth ,English,USA,1998,6.8
Tate Taylor,Biography|Drama|Music,Get on Up ,English,USA,2014,6.9
Carl Franklin,Drama,One True Thing ,English,USA,1998,7
Brett Leonard,Action|Crime|Sci-Fi|Thriller,Virtuosity ,English,USA,1995,5.5
Ivan Reitman,Comedy|Romance|Sci-Fi,My Super Ex-Girlfriend ,English,USA,2006,5.1
Scott Derrickson,Horror|Mystery|Thriller,Deliver Us from Evil ,English,USA,2014,6.2
Alister Grierson,Adventure|Drama|Thriller,Sanctum ,English,USA,2011,5.9
Nick Hurran,Comedy|Drama|Romance,Little Black Book ,English,USA,2004,5.2
Nicholas Stoller,Comedy|Romance,The Five-Year Engagement ,English,USA,2012,6.2
Charles Stone III,Comedy|Drama|Romance|Sport,Mr 3000 ,English,USA,2004,5.5
Paul Haggis,Crime|Drama|Romance|Thriller,The Next Three Days ,English,USA,2010,7.4
Kurt Wimmer,Action|Horror|Sci-Fi|Thriller,Ultraviolet ,English,USA,2006,4.4
Jean-François Richet,Action|Crime|Drama|Thriller,Assault on Precinct 13 ,English,USA,2005,6.3
Antoine Fuqua,Action|Crime|Thriller,The Replacement Killers ,English,USA,1998,6.1
Kevin Hooks,Action|Adventure|Crime|Drama|Romance,Fled ,English,USA,1996,5.3
Ellory Elkayem,Action|Comedy|Horror,Eight Legged Freaks ,English,USA,2002,5.4
Edward Zwick,Comedy|Drama|Romance,Love & Other Drugs ,English,USA,2010,6.7
Jon Avnet,Crime|Drama|Mystery|Thriller,88 Minutes ,English,USA,2007,5.9
Niki Caro,Drama,North Country ,English,USA,2005,7.3
Howard Deutch,Comedy|Crime|Thriller,The Whole Ten Yards ,English,USA,2004,5.5
Vincenzo Natali,Drama|Horror|Sci-Fi,Splice ,English,Canada,2009,5.8
Willard Huyck,Action|Adventure|Comedy|Romance|Sci-Fi,Howard the Duck ,English,USA,1986,4.6
Gavin O'Connor,Crime|Drama|Thriller,Pride and Glory ,English,USA,2008,6.7
Bruce Hunt,Adventure|Horror|Thriller,The Cave ,English,USA,2005,5.1
Rob Reiner,Comedy|Romance,Alex & Emma ,English,USA,2003,5.6
Paul McGuigan,Drama|Mystery|Romance|Thriller,Wicker Park ,English,USA,2004,7
Craig Gillespie,Comedy|Horror,Fright Night ,English,USA,2011,6.4
Terrence Malick,Biography|Drama|History|Romance,The New World ,English,USA,2005,6.7
Chris Roberts,Action|Adventure|Sci-Fi,Wing Commander ,English,USA,1999,4.1
Neil Jordan,Drama|Fantasy|Thriller,In Dreams ,English,USA,1999,5.5
James Wong,Action|Adventure|Fantasy|Sci-Fi|Thriller,Dragonball: Evolution ,English,USA,2009,2.7
Jee-woon Kim,Action|Crime|Thriller,The Last Stand ,English,USA,2013,6.4
Nick Hamm,Drama|Horror|Sci-Fi|Thriller,Godsend ,English,USA,2004,4.8
Andy Cadiff,Comedy|Romance,Chasing Liberty ,English,USA,2004,6.1
Mike Disa,Animation|Comedy|Family,Hoodwinked Too! Hood vs. Evil ,English,USA,2011,4.8
Lasse Hallström,Drama,An Unfinished Life ,English,USA,2005,7
Terry Gilliam,Adventure|Fantasy|Mystery,The Imaginarium of Doctor Parnassus ,English,UK,2009,6.8
Richard J. Lewis,Comedy|Drama,Barney's Version ,English,Canada,2010,7.3
Brad Furman,Crime|Thriller,Runner Runner ,English,USA,2013,5.6
Peter Howitt,Action|Crime|Drama|Thriller,Antitrust ,English,USA,2001,6.1
Edward Zwick,Drama|History|War,Glory ,English,USA,1989,7.9
Sergio Leone,Crime|Drama,Once Upon a Time in America ,English,Italy,1984,8.4
Niels Arden Oplev,Action|Crime|Drama|Thriller,Dead Man Down ,English,USA,2013,6.5
Michael Radford,Drama|Romance,The Merchant of Venice ,English,USA,2004,7.1
Neil Jordan,Action|Crime|Drama|Romance|Thriller,The Good Thief ,English,France,2002,6.6
Steve Boyum,Action|Drama|Romance|Sport,Supercross ,English,USA,2005,4
Chris Noonan,Biography|Drama|Romance,Miss Potter ,English,UK,2006,7
Kaige Chen,Action|Drama|Fantasy,The Promise ,Mandarin,China,2005,5.6
Corey Yuen,Action|Adventure,DOA: Dead or Alive ,English,USA,2006,4.8
Andrew Dominik,Biography|Crime|Drama|History|Western,The Assassination of Jesse James by the Coward Robert Ford ,English,USA,2007,7.5
Li Zhang,Action|Adventure|Drama|History|War,1911 ,Mandarin,China,2011,6
Marc Forster,Action|Biography|Crime|Drama,Machine Gun Preacher ,English,USA,2011,6.8
Elizabeth Banks,Comedy|Music,Pitch Perfect 2 ,English,USA,2015,6.5
James Mangold,Biography|Drama|Music|Romance,Walk the Line ,English,USA,2005,7.9
Edward Norton,Comedy|Drama|Romance,Keeping the Faith ,English,USA,2000,6.4
Peter Hewitt,Adventure|Comedy|Family|Fantasy,The Borrowers ,English,UK,1997,5.8
Ron Howard,Drama,Frost/Nixon ,English,USA,2008,7.7
Reginald Hudlin,Comedy|Romance,Serving Sara ,English,Germany,2002,5.3
Ben Falcone,Comedy,The Boss ,English,USA,2016,5.3
Richard Attenborough,Biography|Drama|History,Cry Freedom ,English,UK,1987,7.5
Lawrence Kasdan,Comedy|Drama,Mumford ,English,USA,1999,6.9
Don Mancini,Comedy|Fantasy|Horror|Thriller,Seed of Chucky ,English,Romania,2004,4.9
John Maybury,Drama|Mystery|Sci-Fi|Thriller,The Jacket ,English,USA,2005,7.1
Ron Clements,Adventure|Animation|Comedy|Family|Fantasy|Musical|Romance,Aladdin ,English,USA,1992,8
F. Gary Gray,Biography|Crime|Drama|History|Music,Straight Outta Compton ,English,USA,2015,7.9
Steven Spielberg,Action|Adventure,Indiana Jones and the Temple of Doom ,English,USA,1984,7.6
Igor Kovalyov,Adventure|Animation|Comedy|Drama|Family|Musical,The Rugrats Movie ,English,USA,1998,5.9
Lee Tamahori,Crime|Drama|Thriller,Along Came a Spider ,English,USA,2001,6.3
Robert Rodriguez,Action|Crime|Thriller,Once Upon a Time in Mexico ,English,USA,2003,6.4
John McTiernan,Action|Thriller,Die Hard ,English,USA,1988,8.2
David Wain,Comedy,Role Models ,English,Germany,2008,6.9
Adam McKay,Biography|Comedy|Drama|History,The Big Short ,English,USA,2015,7.8
Ang Lee,Comedy|Drama|Music,Taking Woodstock ,English,USA,2009,6.7
Gavin O'Connor,Biography|Drama|History|Sport,Miracle ,English,USA,2004,7.5
Zack Snyder,Action|Horror|Thriller,Dawn of the Dead ,English,USA,2004,7.4
Adam Shankman,Comedy|Romance,The Wedding Planner ,English,Germany,2001,5.2
Wes Anderson,Comedy|Drama,The Royal Tenenbaums ,English,USA,2001,7.6
James Mangold,Mystery|Thriller,Identity ,English,USA,2003,7.3
Jon Turteltaub,Comedy|Romance,Last Vegas ,English,USA,2013,6.6
John Glen,Action|Adventure|Thriller,For Your Eyes Only ,English,UK,1981,6.8
Peter Chelsom,Comedy|Romance,Serendipity ,English,USA,2001,6.9
Peter Hyams,Action|Crime|Sci-Fi|Thriller,Timecop ,English,Canada,1994,5.8
Ben Stiller,Comedy,Zoolander ,English,Germany,2001,6.6
Lasse Hallström,Drama|Romance|Thriller,Safe Haven ,English,USA,2013,6.7
Kenny Ortega,Comedy|Family|Fantasy,Hocus Pocus ,English,USA,1993,6.7
Scott Hicks,Comedy|Drama|Romance,No Reservations ,English,USA,2007,6.3
Matthew Vaughn,Action|Comedy,Kick-Ass ,English,UK,2010,7.7
Ruben Fleischer,Action|Comedy|Crime,30 Minutes or Less ,English,Germany,2011,6.1
Patrick Lussier,Action|Fantasy|Horror|Thriller,Dracula 2000 ,English,USA,2000,4.9
Miguel Arteta,Comedy|Family,"Alexander and the Terrible, Horrible, No Good, Very Bad Day ",English,USA,2014,6.2
Joe Wright,Drama|Romance,Pride & Prejudice ,English,France,2005,7.8
Ridley Scott,Sci-Fi|Thriller,Blade Runner ,English,USA,1982,8.2
Michael Caton-Jones,Adventure|Biography,Rob Roy ,English,USA,1995,6.9
McG,Action|Drama|Thriller,3 Days to Kill ,English,USA,2014,6.2
James Gray,Crime|Drama|Thriller,We Own the Night ,English,USA,2007,6.9
Janusz Kaminski,Drama|Horror|Thriller,Lost Souls ,English,USA,2000,4.8
Jacques Perrin,Documentary,Winged Migration ,English,France,2001,8
Donald Petrie,Comedy|Fantasy|Romance,Just My Luck ,English,USA,2006,5.3
Jay Roach,Comedy|Drama|Sport,"Mystery, Alaska ",English,Canada,1999,6.7
Brian Levant,Action|Comedy|Family,The Spy Next Door ,English,USA,2010,5.4
Michael Ritchie,Comedy|Family|Fantasy,A Simple Wish ,English,USA,1997,5.4
John Carpenter,Action|Horror|Sci-Fi,Ghosts of Mars ,English,USA,2001,4.9
David Gordon Green,Comedy|Drama,Our Brand Is Crisis ,English,USA,2015,6.1
Burr Steers,Action|Horror|Romance,Pride and Prejudice and Zombies ,English,USA,2016,5.8
Martin Scorsese,Biography|Drama|History|War,Kundun ,English,USA,1997,7
Robert B. Weide,Comedy|Drama|Romance,How to Lose Friends & Alienate People ,English,UK,2008,6.5
Jeff Wadlow,Action|Comedy|Crime,Kick-Ass 2 ,English,USA,2013,6.6
Camille Delamarre,Action|Crime|Drama|Thriller,Brick Mansions ,English,France,2014,5.7
John Glen,Action|Adventure|Thriller,Octopussy ,English,UK,1983,6.6
Judd Apatow,Comedy|Romance,Knocked Up ,English,USA,2007,7
Nick Cassavetes,Drama,My Sister's Keeper ,English,USA,2009,7.4
Malcolm D. Lee,Comedy|Drama|Romance,"Welcome Home, Roscoe Jenkins ",English,USA,2008,5.3
David Lean,Adventure|Drama|History,A Passage to India ,English,UK,1984,7.4
Richard Eyre,Crime|Drama|Romance|Thriller,Notes on a Scandal ,English,UK,2006,7.4
Gavin Hood,Drama|Thriller,Rendition ,English,USA,2007,6.8
Nicholas Meyer,Action|Adventure|Sci-Fi|Thriller,Star Trek VI: The Undiscovered Country ,English,USA,1991,7.2
Callie Khouri,Drama,Divine Secrets of the Ya-Ya Sisterhood ,English,USA,2002,6
Jon Favreau,Adventure|Drama|Family|Fantasy,The Jungle Book ,English,UK,2016,7.8
Gary Fleder,Crime|Drama|Mystery|Thriller,Kiss the Girls ,English,USA,1997,6.6
John Landis,Action|Comedy|Crime|Music,The Blues Brothers ,English,USA,1980,7.9
Sanaa Hamri,Comedy|Drama|Family|Romance,The Sisterhood of the Traveling Pants 2 ,English,USA,2008,6.2
Todd Graff,Comedy|Music,Joyful Noise ,English,USA,2012,5.7
Chris Weitz,Comedy|Drama|Romance,About a Boy ,English,UK,2002,7.1
Steve Miner,Action|Comedy|Horror,Lake Placid ,English,USA,1999,5.6
Paul McGuigan,Crime|Drama|Mystery|Thriller,Lucky Number Slevin ,English,Germany,2006,7.8
Philip Kaufman,Adventure|Drama|History,The Right Stuff ,English,USA,1983,7.9
Roland Emmerich,Drama|History|Thriller,Anonymous ,English,UK,2011,6.9
Alex Proyas,Action|Drama|Fantasy|Mystery|Sci-Fi|Thriller,Dark City ,English,Australia,1998,7.7
Saul Dibb,Biography|Drama|History|Romance,The Duchess ,English,UK,2008,6.9
Richard Linklater,Action|Crime|Drama|History|Western,The Newton Boys ,English,USA,1998,6
Christian Alvart,Horror|Mystery|Thriller,Case 39 ,English,USA,2009,6.2
E. Elias Merhige,Crime|Drama|Mystery|Thriller,Suspect Zero ,English,USA,2004,5.9
Menno Meyjes,Comedy|Drama|Family,Martian Child ,English,USA,2007,6.8
Robert Rodriguez,Action|Adventure|Comedy|Family|Sci-Fi,Spy Kids: All the Time in the World in 4D ,English,USA,2011,3.6
Jodie Foster,Crime|Drama|Thriller,Money Monster ,English,USA,2016,6.7
Ronny Yu,Action|Comedy|Crime|Thriller,Formula 51 ,English,UK,2001,6.3
Joel Schumacher,Comedy|Crime|Drama,Flawless ,English,USA,1999,6.4
Renny Harlin,Crime|Horror|Mystery|Thriller,Mindhunters ,English,USA,2004,6.4
Barry Levinson,Comedy|Drama,What Just Happened ,English,USA,2008,5.7
Norman Jewison,Drama|Thriller,The Statement ,English,Canada,2003,6.2
Steve Carr,Action|Comedy|Crime,Paul Blart: Mall Cop ,English,USA,2009,5.2
Mark Waters,Comedy|Family|Fantasy|Music|Romance,Freaky Friday ,English,USA,2003,6.1
Judd Apatow,Comedy|Romance,The 40-Year-Old Virgin ,English,USA,2005,7.1
John Madden,Comedy|Drama|Romance,Shakespeare in Love ,English,USA,1998,7.2
Scott Frank,Crime|Drama|Mystery|Thriller,A Walk Among the Tombstones ,English,USA,2014,6.5
Ivan Reitman,Action|Comedy|Crime,Kindergarten Cop ,English,USA,1990,6
David Gordon Green,Action|Comedy|Crime,Pineapple Express ,English,USA,2008,7
Andy Tennant,Comedy|Drama|Romance,Ever After: A Cinderella Story ,English,USA,1998,7
Kevin Costner,Drama|Romance|Western,Open Range ,English,USA,2003,7.5
Joel Schumacher,Drama|Horror|Sci-Fi|Thriller,Flatliners ,English,USA,1990,6.6
Richard Attenborough,Drama|History|War,A Bridge Too Far ,English,USA,1977,7.4
Wes Craven,Mystery|Thriller,Red Eye ,English,USA,2005,6.5
David R. Ellis,Horror|Thriller,Final Destination 2 ,English,USA,2003,6.2
Joel Coen,Adventure|Comedy|Crime|Music,"O Brother, Where Art Thou? ",English,UK,2000,7.8
Scott Stewart,Action|Fantasy|Horror,Legion ,English,USA,2010,5.2
Michael Bay,Comedy|Crime|Drama,Pain & Gain ,English,USA,2013,6.5
Paul Weitz,Comedy|Drama|Romance,In Good Company ,English,USA,2004,6.5
Jonathan Frakes,Action|Adventure|Comedy|Sci-Fi|Thriller,Clockstoppers ,English,USA,2002,5.2
Lawrence Kasdan,Action|Crime|Drama|Western,Silverado ,English,USA,1985,7.2
Jim Sheridan,Drama|Thriller,Brothers ,English,USA,2009,7.1
Kevin Allen,Action|Adventure|Comedy|Family|Romance|Sci-Fi,Agent Cody Banks 2: Destination London ,English,USA,2004,4.5
Garry Marshall,Comedy|Romance,New Year's Eve ,English,USA,2011,5.7
Michael Cristofer,Drama|Mystery|Romance|Thriller,Original Sin ,English,France,2001,6
James McTeigue,Crime|Mystery|Thriller,The Raven ,English,USA,2012,6.4
Donald Petrie,Comedy|Romance,Welcome to Mooseport ,English,USA,2004,5.2
Andrew Morahan,Action|Fantasy|Romance|Sci-Fi,Highlander: The Final Dimension ,English,Canada,1994,4.3
Bob Rafelson,Crime|Drama|Thriller,Blood and Wine ,English,USA,1996,6.1
Woody Allen,Comedy|Crime|Mystery|Romance,The Curse of the Jade Scorpion ,English,USA,2001,6.8
Alan Shapiro,Adventure|Family,Flipper ,English,USA,1996,5.2
Tarsem Singh,Action|Mystery|Sci-Fi|Thriller,Self/less ,English,USA,2015,6.5
Fernando Meirelles,Drama|Mystery|Romance|Thriller,The Constant Gardener ,English,UK,2005,7.5
Mel Gibson,Drama,The Passion of the Christ ,Aramaic,USA,2004,7.1
Chris Columbus,Comedy|Drama|Family|Romance,Mrs. Doubtfire ,English,USA,1993,6.9
Barry Levinson,Drama,Rain Man ,English,USA,1988,8
Clint Eastwood,Drama,Gran Torino ,English,USA,2008,8.2
Oliver Stone,Biography|Drama|History,W. ,English,USA,2008,6.4
Pierre Morel,Action|Thriller,Taken ,English,France,2008,7.9
Michael Hoffman,Drama|Romance,The Best of Me ,English,USA,2014,6.7
Mick Jackson,Action|Drama|Music|Romance,The Bodyguard ,English,USA,1992,6.1
Steven Spielberg,Biography|Drama|History,Schindler's List ,English,USA,1993,8.9
Tate Taylor,Drama,The Help ,English,USA,2011,8.1
Bill Condon,Biography|Drama|Thriller,The Fifth Estate ,English,USA,2013,6.2
Raja Gosnell,Adventure|Comedy|Family|Fantasy|Horror|Mystery,Scooby-Doo 2: Monsters Unleashed ,English,USA,2004,4.9
Ronny Yu,Action|Horror|Thriller,Freddy vs. Jason ,English,USA,2003,5.8
John A. Davis,Action|Adventure|Animation|Comedy|Family|Sci-Fi,Jimmy Neutron: Boy Genius ,English,USA,2001,6
Matt Reeves,Action|Adventure|Horror|Sci-Fi,Cloverfield ,English,USA,2008,7
Michael Pressman,Action|Adventure|Comedy|Family|Sci-Fi,Teenage Mutant Ninja Turtles II: The Secret of the Ooze ,English,USA,1991,6
Brian De Palma,Crime|Drama|Thriller,The Untouchables ,English,USA,1987,7.9
Ethan Coen,Crime|Drama|Thriller,No Country for Old Men ,English,USA,2007,8.1
Tim Story,Action|Comedy|Crime|Romance,Ride Along ,English,USA,2014,6.2
Sharon Maguire,Comedy|Drama|Romance,Bridget Jones's Diary ,English,UK,2001,6.7
Lasse Hallström,Drama|Romance,Chocolat ,English,UK,2000,7.3
Charles Herman-Wurmfeld,Comedy,"Legally Blonde 2: Red, White & Blonde ",English,USA,2003,4.6
Andy Fickman,Comedy|Family,Parental Guidance ,English,USA,2012,6.1
Ivan Reitman,Comedy|Romance,No Strings Attached ,English,USA,2011,6.2
George P. Cosmatos,Action|Biography|Drama|History|Romance|Western,Tombstone ,English,USA,1993,7.8
Andrzej Bartkowiak,Action|Crime|Thriller,Romeo Must Die ,English,USA,2000,6.1
James Wong,Horror,Final Destination 3 ,English,Germany,2006,5.8
Scott Hicks,Drama|Romance,The Lucky One ,English,USA,2012,6.5
Gabor Csupo,Adventure|Drama|Family|Fantasy,Bridge to Terabithia ,English,USA,2007,7.2
Marc Forster,Biography|Drama|Family,Finding Neverland ,English,USA,2004,7.8
Tyler Perry,Comedy|Drama,A Madea Christmas ,English,USA,2013,4.7
Joe Carnahan,Action|Adventure|Drama|Thriller,The Grey ,English,USA,2011,6.8
John Polson,Drama|Horror|Mystery|Thriller,Hide and Seek ,English,USA,2005,5.9
Adam McKay,Comedy,Anchorman: The Legend of Ron Burgundy ,English,USA,2004,7.2
Martin Scorsese,Biography|Crime|Drama,Goodfellas ,English,USA,1990,8.7
Harald Zwart,Action|Adventure|Comedy|Crime|Family|Romance|Thriller,Agent Cody Banks ,English,USA,2003,5
Kirk Jones,Comedy|Family|Fantasy,Nanny McPhee ,English,USA,2005,6.6
Brian De Palma,Crime|Drama,Scarface ,English,USA,1983,8.3
Steve Oedekerk,Action|Adventure|Comedy|Crime,Nothing to Lose ,English,USA,1997,6.7
Bernardo Bertolucci,Biography|Drama|History,The Last Emperor ,English,China,1987,7.8
Baltasar Kormákur,Action|Crime|Drama|Thriller,Contraband ,English,USA,2012,6.5
Brett Ratner,Action|Comedy|Crime|Thriller,Money Talks ,English,USA,1997,6.1
Paul Thomas Anderson,Drama,There Will Be Blood ,English,USA,2007,8.1
Cathy Malkasian,Adventure|Animation|Comedy|Family|Fantasy,The Wild Thornberrys Movie ,English,USA,2002,5.2
John Eng,Adventure|Animation|Comedy|Family|Fantasy|Musical,Rugrats Go Wild ,English,USA,2003,5.6
Malcolm D. Lee,Action|Comedy,Undercover Brother ,English,USA,2002,5.8
Ken Kwapis,Comedy|Drama|Family|Romance,The Sisterhood of the Traveling Pants ,English,USA,2005,6.6
Chris Nahon,Action|Crime|Drama|Thriller,Kiss of the Dragon ,English,France,2001,6.6
Fred Wolf,Comedy|Romance,The House Bunny ,English,USA,2008,5.5
Bille Woodruff,Comedy,Beauty Shop ,English,USA,2005,5.5
Craig Gillespie,Biography|Drama|Sport,Million Dollar Arm ,English,USA,2014,7
Phillip Noyce,Drama|Romance|Sci-Fi,The Giver ,English,South Africa,2014,6.5
Dennie Gordon,Comedy|Drama|Family|Romance,What a Girl Wants ,English,USA,2003,5.8
Victor Salva,Horror,Jeepers Creepers II ,English,USA,2003,5.6
Mark Helfrich,Comedy|Romance,Good Luck Chuck ,English,USA,2007,5.6
Andrzej Bartkowiak,Action|Crime|Drama|Thriller,Cradle 2 the Grave ,English,USA,2003,5.8
Stephen Daldry,Drama|Romance,The Hours ,English,USA,2002,7.6
Andy Fickman,Comedy|Romance,She's the Man ,English,USA,2006,6.4
Steve Bendelack,Comedy|Family,Mr. Bean's Holiday ,English,UK,2007,6.3
Dwight H. Little,Action|Adventure|Horror|Thriller,Anacondas: The Hunt for the Blood Orchid ,English,USA,2004,4.6
Guillaume Canet,Crime|Drama|Thriller,Blood Ties ,English,France,2013,6.5
Kirsten Sheridan,Drama|Music,August Rush ,English,USA,2007,7.5
Shekhar Kapur,Biography|Drama|History,Elizabeth ,English,UK,1998,7.5
Ronny Yu,Comedy|Fantasy|Horror|Romance,Bride of Chucky ,English,Canada,1998,5.3
Richard Fleischer,Action|Drama|History|War,Tora! Tora! Tora! ,English,Japan,1970,7.5
Bob Spiers,Comedy|Family|Music,Spice World ,English,UK,1997,3.3
David Gordon Green,Comedy,The Sitter ,English,USA,2011,5.7
Damien Dante Wayans,Action|Comedy|Music,Dance Flick ,English,USA,2009,3.5
Frank Darabont,Crime|Drama,The Shawshank Redemption ,English,USA,1994,9.3
Simon Wincer,Adventure|Comedy|Crime,Crocodile Dundee in Los Angeles ,English,Australia,2001,4.8
Bobby Farrelly,Comedy|Sport,Kingpin ,English,USA,1996,6.9
Rupert Wyatt,Crime|Drama|Thriller,The Gambler ,English,USA,2014,6
John Wells,Drama,August: Osage County ,English,USA,2013,7.3
Tim Fywell,Comedy|Drama|Family|Sport,Ice Princess ,English,USA,2005,6
Nigel Cole,Comedy|Drama|Romance,A Lot Like Love ,English,USA,2005,6.6
Dexter Fletcher,Biography|Comedy|Drama|Sport,Eddie the Eagle ,English,UK,2016,7.5
Spike Lee,Drama|Sport,He Got Game ,English,USA,1998,6.9
Jeremy Leven,Comedy|Drama|Romance,Don Juan DeMarco ,English,USA,1994,6.8
Lasse Hallström,Drama|Romance|War,Dear John ,English,USA,2010,6.3
Sylvain White,Action|Crime|Drama|Mystery|Thriller,The Losers ,English,USA,2010,6.4
Troy Nixey,Fantasy|Horror|Thriller,Don't Be Afraid of the Dark ,English,USA,2010,5.6
Philip G. Atwell,Action|Crime|Thriller,War ,English,USA,2007,6.3
Paul Thomas Anderson,Comedy|Drama|Romance|Thriller,Punch-Drunk Love ,English,USA,2002,7.3
Jeff Schaffer,Comedy,EuroTrip ,English,USA,2004,6.6
Don Michael Paul,Action|Crime|Thriller,Half Past Dead ,English,Germany,2002,4.6
Paul Feig,Adventure|Comedy|Family|Romance,Unaccompanied Minors ,English,USA,2006,5.1
James Bridges,Drama,"Bright Lights, Big City ",English,USA,1988,5.6
Steve Barron,Adventure|Family|Fantasy|Musical,The Adventures of Pinocchio ,Italian,UK,1996,5.3
Bill Paxton,Drama|History|Sport,The Greatest Game Ever Played ,English,USA,2005,7.5
Richard Kelly,Drama|Fantasy|Mystery|Thriller,The Box ,English,USA,2009,5.6
Carter Smith,Horror,The Ruins ,English,USA,2008,5.9
John Schlesinger,Comedy|Drama|Romance,The Next Best Thing ,English,USA,2000,4.7
Wes Craven,Horror|Mystery|Thriller,My Soul to Take ,English,USA,2010,4.8
Luke Greenfield,Comedy|Drama|Romance,The Girl Next Door ,English,USA,2004,6.8
Ringo Lam,Action|Crime|Mystery|Romance|Thriller,Maximum Risk ,English,USA,1996,5.4
Bruce McCulloch,Comedy|Crime,Stealing Harvard ,English,USA,2002,5.1
Brian Helgeland,Biography|Crime|Drama|History|Thriller,Legend ,English,UK,2015,7
Akiva Schaffer,Comedy,Hot Rod ,English,USA,2007,6.7
David R. Ellis,Horror|Thriller,Shark Night 3D ,English,USA,2011,4
Alan Parker,Drama,Angela's Ashes ,English,USA,1999,7.3
Ivan Reitman,Drama|Sport,Draft Day ,English,USA,2014,6.8
Robert Redford,Crime|Drama|History,The Conspirator ,English,USA,2010,7
Catherine Hardwicke,Biography|Drama|Sport,Lords of Dogtown ,English,USA,2005,7.1
Patricia Riggen,Biography|Drama|History,The 33 ,English,Chile,2015,6.9
John Carpenter,Action|Adventure|Comedy|Fantasy,Big Trouble in Little China ,English,USA,1986,7.3
Gavin O'Connor,Drama|Sport,Warrior ,English,USA,2011,8.2
Neil Jordan,Biography|Drama|Thriller|War,Michael Collins ,English,UK,1996,7.1
Ron Maxwell,Drama|History|War,Gettysburg ,English,USA,1993,7.7
Kimberly Peirce,Drama|War,Stop-Loss ,English,USA,2008,6.5
Stephen Gaghan,Drama|Music|Mystery|Romance|Thriller,Abandon ,English,USA,2002,4.9
Jonathan Kaplan,Drama|Mystery|Thriller,Brokedown Palace ,English,USA,1999,6.4
Ole Bornedal,Horror|Thriller,The Possession ,English,USA,2012,5.9
Richard Benjamin,Comedy|Drama|Romance,Mrs. Winterbourne ,English,USA,1996,6.2
Rod Lurie,Action|Drama|Thriller,Straw Dogs ,English,USA,2011,5.8
Lasse Hallström,Comedy|Drama,The Hoax ,English,USA,2006,6.7
Craig R. Baxley,Action|Crime|Drama|Thriller,Stone Cold ,English,USA,1991,5.9
John Hillcoat,Adventure|Drama,The Road ,English,USA,2009,7.3
Marcos Siega,Action|Comedy|Crime|Drama|Thriller,Underclassman ,English,USA,2005,4.1
J.B. Rogers,Comedy|Romance,Say It Isn't So ,English,USA,2001,4.9
Roger Donaldson,Biography|Drama|Sport,The World's Fastest Indian ,English,New Zealand,2005,7.9
David R. Ellis,Action|Adventure|Crime|Drama|Thriller,Snakes on a Plane ,English,Germany,2006,5.6
Rachel Talalay,Action|Comedy|Sci-Fi,Tank Girl ,English,USA,1995,5.2
Jeffrey W. Byrd,Comedy|Crime,King's Ransom ,English,USA,2005,4.1
Fernando Meirelles,Drama|Mystery|Sci-Fi|Thriller,Blindness ,English,Canada,2008,6.6
Uwe Boll,Action|Adventure|Fantasy|Horror,BloodRayne ,English,USA,2005,2.9
Atom Egoyan,Crime|Drama|Mystery|Thriller,Where the Truth Lies ,English,Canada,2005,6.5
Andrew Adamson,Fantasy,Cirque du Soleil: Worlds Away ,English,USA,2012,6.8
Robert Towne,Biography|Drama|Sport,Without Limits ,English,USA,1998,7.2
Richard Linklater,Drama,Me and Orson Welles ,English,UK,2008,6.8
Giuseppe Tornatore,Crime|Drama|Mystery|Romance,The Best Offer ,English,Italy,2013,7.8
Werner Herzog,Crime|Drama,Bad Lieutenant: Port of Call New Orleans ,English,USA,2009,6.7
Guillaume Canet,Comedy|Drama,Little White Lies ,French,France,2010,7.1
Taylor Hackford,Comedy|Drama|Romance|Sport,Love Ranch ,English,USA,2010,5.7
Ridley Scott,Crime|Drama|Thriller,The Counselor ,English,USA,2013,5.3
Teddy Chan,Action|Drama,Kung Fu Killer ,Cantonese,China,2014,6.5
Stephen Frears,Drama|Romance,Dangerous Liaisons ,English,USA,1988,7.7
Walter Salles,Adventure|Drama,On the Road ,English,France,2012,6.1
Leonard Nimoy,Adventure|Comedy|Sci-Fi,Star Trek IV: The Voyage Home ,English,USA,1986,7.3
Sylvester Stallone,Drama|Sport,Rocky Balboa ,English,USA,2006,7.2
Ericson Core,Action|Crime|Sport|Thriller,Point Break ,English,USA,2015,5.3
Wes Craven,Horror|Mystery,Scream 2 ,English,USA,1997,6.1
Gavin O'Connor,Action|Drama|Western,Jane Got a Gun ,English,USA,2016,5.8
Tim Story,Comedy|Romance,Think Like a Man Too ,English,USA,2014,5.7
Jonathan Lynn,Comedy|Crime,The Whole Nine Yards ,English,USA,2000,6.7
Herbert Ross,Drama|Music|Romance,Footloose ,English,USA,1984,6.5
Todd Phillips,Comedy,Old School ,English,USA,2003,7.2
Terry Gilliam,Comedy|Drama|Fantasy,The Fisher King ,English,USA,1991,7.6
Danny Cannon,Horror|Mystery,I Still Know What You Did Last Summer ,English,USA,1998,4.6
Bonnie Hunt,Comedy|Drama|Romance,Return to Me ,English,USA,2000,6.9
Kevin Smith,Comedy|Romance,Zack and Miri Make a Porno ,English,USA,2008,6.6
Neil LaBute,Comedy|Crime|Drama,Nurse Betty ,English,Germany,2000,6.3
Grant Heslov,Comedy|War,The Men Who Stare at Goats ,English,USA,2009,6.2
George Gallo,Action|Comedy|Crime|Thriller,Double Take ,English,USA,2001,5.3
James Mangold,Biography|Drama,"Girl, Interrupted ",English,USA,1999,7.3
Robert Luketic,Comedy|Romance,Win a Date with Tad Hamilton! ,English,USA,2004,5.6
Tim Hill,Adventure|Comedy|Family|Fantasy|Music|Sci-Fi,Muppets from Space ,English,USA,1999,6.2
Sidney Lumet,Adventure|Family|Fantasy|Music|Musical,The Wiz ,English,USA,1978,5.2
Brian Robbins,Comedy|Sport,Ready to Rumble ,English,USA,2000,5.3
Ron Shelton,Comedy|Drama|Sport,Play It to the Bone ,English,USA,1999,5.4
Douglas McGrath,Comedy|Romance,I Don't Know How She Does It ,English,USA,2011,4.9
Alexandre Aja,Comedy|Horror,Piranha 3D ,English,USA,2010,5.5
Kevin Spacey,Biography|Drama|Music|Musical,Beyond the Sea ,English,USA,2004,6.7
Steve Boyum,Comedy|Family,Meet the Deedles ,English,USA,1998,3.9
Richard Williams,Action|Adventure|Animation|Comedy|Fantasy,The Princess and the Cobbler ,English,UK,1993,7.2
Mary McGuckian,Drama|Romance,The Bridge of San Luis Rey ,English,UK,2004,5.1
George Tillman Jr.,Action|Crime|Drama|Thriller,Faster ,English,USA,2010,6.5
Hayao Miyazaki,Adventure|Animation|Family|Fantasy,Howl's Moving Castle ,Japanese,Japan,2004,8.2
Ruben Fleischer,Adventure|Comedy|Horror|Sci-Fi,Zombieland ,English,USA,2009,7.7
Peter Jackson,Action|Adventure|Drama|Romance,King Kong ,English,New Zealand,2005,7.2
Frank Coraci,Comedy|Sport,The Waterboy ,English,USA,1998,6.1
Irvin Kershner,Action|Adventure|Fantasy|Sci-Fi,Star Wars: Episode V - The Empire Strikes Back ,English,USA,1980,8.8
Michael Bay,Action|Comedy|Crime|Drama|Thriller,Bad Boys ,English,USA,1995,6.8
David Zucker,Comedy|Crime,The Naked Gun 2½: The Smell of Fear ,English,USA,1991,6.8
James Wong,Horror|Thriller,Final Destination ,English,USA,2000,6.7
George Clooney,Drama,The Ides of March ,English,USA,2011,7.1
David Twohy,Horror|Sci-Fi,Pitch Black ,English,USA,2000,7.1
Tony Goldwyn,Comedy|Romance,Someone Like You... ,English,USA,2001,6.1
Spike Jonze,Drama|Romance|Sci-Fi,Her ,English,USA,2013,8
Dexter Fletcher,Biography|Comedy|Drama|Sport,Eddie the Eagle ,English,UK,2016,7.5
John Dahl,Mystery|Thriller,Joy Ride ,English,USA,2001,6.6
Jonathan Newman,Adventure|Family|Fantasy,The Adventurer: The Curse of the Midas Box ,English,UK,2013,5.4
Wayne Wang,Comedy|Drama,Anywhere But Here ,English,USA,1999,6.1
Andy Cadiff,Comedy|Romance,Chasing Liberty ,English,USA,2004,6.1
Michael Dinner,Comedy|Crime,The Crew ,English,USA,2000,5.6
Steven Soderbergh,Action|Thriller,Haywire ,English,Ireland,2011,5.8
Joseph Sargent,Adventure|Horror|Thriller,Jaws: The Revenge ,English,USA,1987,2.8
Jerry Zaks,Drama,Marvin's Room ,English,USA,1996,6.7
Fred Durst,Biography|Comedy|Drama|Family|Sport,The Longshots ,English,USA,2008,5.1
Neil Jordan,Drama|Romance,The End of the Affair ,English,UK,1999,7.2
Simon Wincer,Action|Crime|Drama|Thriller|Western,Harley Davidson and the Marlboro Man ,English,USA,1991,6
Paul Haggis,Crime|Drama|Mystery|Thriller,In the Valley of Elah ,English,USA,2007,7.2
Anne Fontaine,Biography|Drama,Coco Before Chanel ,French,France,2009,6.7
Stephen Frears,Comedy|Drama|Romance,Chéri ,English,UK,2009,6.2
Mira Nair,Drama,Vanity Fair ,English,USA,2004,6.2
Mikael Håfström,Fantasy|Horror,1408 ,English,USA,2007,6.8
Mel Brooks,Adventure|Comedy|Sci-Fi,Spaceballs ,English,USA,1987,7.1
Russell Crowe,Drama|War,The Water Diviner ,English,Australia,2014,7.1
Jerry Zucker,Drama|Fantasy|Romance|Thriller,Ghost ,English,USA,1990,7
Bobby Farrelly,Comedy|Romance,There's Something About Mary ,English,USA,1998,7.1
John Pasquin,Comedy|Drama|Family|Fantasy,The Santa Clause ,English,USA,1994,6.4
John Lee Hancock,Drama|Family|Sport,The Rookie ,English,USA,2002,7
Andy Fickman,Comedy|Family|Sport,The Game Plan ,English,USA,2007,6.2
Clint Eastwood,Drama|Romance,The Bridges of Madison County ,English,USA,1995,7.5
Luke Greenfield,Comedy|Sci-Fi,The Animal ,English,USA,2001,4.8
Lasse Hallström,Comedy|Drama,The Hundred-Foot Journey ,English,USA,2014,7.3
Irwin Winkler,Action|Crime|Drama|Mystery|Thriller,The Net ,English,USA,1995,5.8
Jessie Nelson,Drama,I Am Sam ,English,USA,2001,7.6
Christopher Spencer,Biography|Drama|History,Son of God ,English,USA,2014,5.6
Len Wiseman,Action|Fantasy|Thriller,Underworld ,English,UK,2003,7
Mikael Håfström,Drama|Thriller,Derailed ,English,USA,2005,6.6
Steven Soderbergh,Comedy|Crime|Drama|Thriller,The Informant! ,English,USA,2009,6.5
Richard Attenborough,Biography|Drama|Romance,Shadowlands ,English,UK,1993,7.4
Mike Bigelow,Comedy,Deuce Bigalow: European Gigolo ,English,USA,2005,4.6
Ken Scott,Comedy|Drama,Delivery Man ,English,USA,2013,6.4
Paul McGuigan,Drama|Horror|Sci-Fi|Thriller,Victor Frankenstein ,English,USA,2015,6
Susanna White,Thriller,Our Kind of Traitor ,English,UK,2016,6.4
Dennis Dugan,Comedy|Crime|Romance,Saving Silverman ,English,USA,2001,5.9
David Bowers,Comedy|Family,Diary of a Wimpy Kid: Dog Days ,English,USA,2012,6.4
Spike Lee,Crime|Drama|Romance|Thriller,Summer of Sam ,English,USA,1999,6.6
Kevin Smith,Comedy,Jay and Silent Bob Strike Back ,English,USA,2001,6.9
Michael Bay,Action|Adventure|Romance|Sci-Fi|Thriller,The Island ,English,USA,2005,6.9
Daniel Sackheim,Crime|Drama|Mystery|Thriller,The Glass House ,English,USA,2001,5.8
Ethan Coen,Comedy|Mystery,"Hail, Caesar! ",English,UK,2016,6.4
Harry Elfont,Comedy|Music,Josie and the Pussycats ,English,Canada,2001,5.3
Gary Fleder,Action|Crime|Drama|Thriller,Homefront ,English,USA,2013,6.5
Uli Edel,Adventure|Comedy|Family|Fantasy,The Little Vampire ,English,Germany,2000,5.7
David O. Russell,Comedy,I Heart Huckabees ,English,USA,2004,6.7
Fred Dekker,Action|Crime|Sci-Fi|Thriller,RoboCop 3 ,English,USA,1993,3.9
Brian Trenchard-Smith,Action|Adventure|Fantasy|Sci-Fi|Thriller,Megiddo: The Omega Code 2 ,English,USA,2001,4.1
Blake Edwards,Comedy|Drama|Musical|Romance|War,Darling Lili ,English,USA,1970,6.2
Hugh Wilson,Comedy|Family|Romance,Dudley Do-Right ,English,USA,1999,3.8
Camille Delamarre,Action|Crime|Thriller,The Transporter Refueled ,English,France,2015,5.1
Laurence Dunmore,Drama|Romance,The Libertine ,English,UK,2004,6.4
Paul Verhoeven,Drama|Thriller|War,Black Book ,Dutch,Netherlands,2006,7.8
Christian Carion,Drama|History|Music|Romance|War,Joyeux Noel ,French,France,2005,7.8
David Palmer,Action|Comedy|Romance,Hit and Run ,English,USA,2012,6.1
Callie Khouri,Comedy|Crime|Thriller,Mad Money ,English,USA,2008,5.8
Rowan Joffe,Drama|Mystery|Thriller,Before I Go to Sleep ,English,UK,2014,6.3
John Curran,Drama|Thriller,Stone ,English,USA,2010,5.4
Laurent Tirard,Comedy|History,Molière ,French,France,2007,7.3
Scott Cooper,Crime|Drama|Thriller,Out of the Furnace ,English,USA,2013,6.8
Tony Gilroy,Crime|Drama|Mystery|Thriller,Michael Clayton ,English,USA,2007,7.3
Peter Segal,Adventure|Comedy,My Fellow Americans ,English,USA,1996,6.5
Mark Pellington,Crime|Drama|Thriller,Arlington Road ,English,USA,1999,7.2
Woody Allen,Comedy|Romance,To Rome with Love ,English,USA,2012,6.3
Clint Eastwood,Action|Adventure|Thriller,Firefox ,English,USA,1982,5.9
Trey Parker,Animation|Comedy|Fantasy|Musical,South Park: Bigger Longer & Uncut ,English,USA,1999,7.8
Frank Oz,Comedy,Death at a Funeral ,English,USA,2007,7.4
Stuart Gillard,Action|Adventure|Comedy|Family|Fantasy|Sci-Fi,Teenage Mutant Ninja Turtles III ,English,USA,1993,4.8
Brian Robbins,Drama|Sport,Hardball ,English,USA,2001,6.3
David O. Russell,Comedy|Drama|Romance,Silver Linings Playbook ,English,USA,2012,7.8
Richard LaGravenese,Biography|Crime|Drama,Freedom Writers ,English,Germany,2007,7.5
Tyler Perry,Drama,For Colored Girls ,English,USA,2010,6
Louis Leterrier,Action|Crime|Thriller,The Transporter ,English,France,2002,6.8
Jeff Wadlow,Action|Drama|Sport,Never Back Down ,English,USA,2008,6.6
Katt Shea,Horror|Sci-Fi|Thriller,The Rage: Carrie 2 ,English,USA,1999,4.6
Sam Mendes,Comedy|Drama|Romance,Away We Go ,English,USA,2009,7.1
Joshua Michael Stern,Comedy|Drama,Swing Vote ,English,USA,2008,6.1
Brad Silberling,Drama|Romance,Moonlight Mile ,English,USA,2002,6.7
Tomas Alfredson,Drama|Mystery|Thriller,Tinker Tailor Soldier Spy ,English,France,2011,7.1
John Duigan,Comedy|Drama|Romance,Molly ,English,USA,1999,5.8
Jodie Foster,Drama,The Beaver ,English,USA,2011,6.7
Colin Higgins,Comedy|Musical,The Best Little Whorehouse in Texas ,English,USA,1982,5.8
David Cronenberg,Horror|Sci-Fi|Thriller,eXistenZ ,English,Canada,1999,6.8
Steven Spielberg,Action|Adventure,Raiders of the Lost Ark ,English,USA,1981,8.5
Chris Columbus,Adventure|Comedy|Family,Home Alone 2: Lost in New York ,English,USA,1992,6.6
Steven Spielberg,Drama|Sci-Fi,Close Encounters of the Third Kind ,English,USA,1977,7.7
Jim Sonzero,Drama|Horror|Sci-Fi|Thriller,Pulse ,English,USA,2006,4.7
Tony Scott,Action|Comedy|Crime|Thriller,Beverly Hills Cop II ,English,USA,1987,6.4
Adam Shankman,Comedy,Bringing Down the House ,English,USA,2003,5.5
Jonathan Demme,Crime|Drama|Horror|Thriller,The Silence of the Lambs ,English,USA,1991,8.6
Penelope Spheeris,Comedy|Music,Wayne's World ,English,USA,1992,7
Jeff Tremaine,Action|Comedy|Documentary,Jackass 3D ,English,USA,2010,7.1
Jeannot Szwarc,Adventure|Horror|Thriller,Jaws 2 ,English,USA,1978,5.7
Raja Gosnell,Adventure|Comedy|Drama|Family|Romance,Beverly Hills Chihuahua ,English,USA,2008,3.7
James Wan,Horror|Mystery|Thriller,The Conjuring ,English,USA,2013,7.5
Brian Levant,Adventure|Comedy|Family|Romance,Are We There Yet? ,English,USA,2005,4.6
Ben Falcone,Comedy,Tammy ,English,USA,2014,4.9
D.J. Caruso,Drama|Mystery|Thriller,Disturbia ,English,USA,2007,6.9
Richard Linklater,Comedy|Music,School of Rock ,English,USA,2003,7.1
Paul W.S. Anderson,Action|Adventure|Fantasy|Sci-Fi|Thriller,Mortal Kombat ,English,USA,1995,5.8
Paul McGuigan,Drama|Mystery|Romance|Thriller,Wicker Park ,English,USA,2004,7
Keenen Ivory Wayans,Comedy|Crime,White Chicks ,English,USA,2004,5.4
Alexander Payne,Comedy|Drama,The Descendants ,English,USA,2011,7.3
Andrew Davis,Adventure|Comedy|Drama|Family|Mystery,Holes ,English,USA,2003,7.1
Julie Anne Robinson,Drama|Family|Music|Romance,The Last Song ,English,USA,2010,5.8
Steve McQueen,Biography|Drama|History,12 Years a Slave ,English,USA,2013,8.1
Charles Stone III,Comedy|Drama|Music|Romance,Drumline ,English,USA,2002,5.7
Tyler Perry,Comedy|Drama|Romance,Why Did I Get Married Too? ,English,USA,2010,4.4
Tim Burton,Fantasy|Romance,Edward Scissorhands ,English,USA,1990,7.9
Thea Sharrock,Drama|Romance,Me Before You ,English,UK,2016,7.6
Tyler Perry,Comedy|Crime|Drama,Madea's Witness Protection ,English,USA,2012,4.8
Jon Lucas,Comedy,Bad Moms ,English,USA,2016,6.7
Aaron Seltzer,Comedy|Romance,Date Movie ,English,USA,2006,2.7
Robin Budd,Adventure|Animation|Family|Fantasy,Return to Never Land ,English,USA,2002,5.8
Ava DuVernay,Biography|Drama|History,Selma ,English,UK,2014,7.5
Steve Trenbirth,Adventure|Animation|Family|Musical,The Jungle Book 2 ,English,USA,2003,5.4
Stephen Kay,Drama|Horror|Mystery|Thriller,Boogeyman ,English,USA,2005,4.1
Mennan Yapo,Drama|Mystery|Thriller,Premonition ,English,USA,2007,5.9
Jun Falkenstein,Animation|Comedy|Drama|Family|Musical,The Tigger Movie ,English,USA,2000,6.3
Jaume Collet-Serra,Horror|Mystery|Thriller,Orphan ,English,USA,2009,7
Boaz Yakin,Adventure|Family,Max ,English,USA,2015,6.8
Jason Friedberg,Adventure|Comedy,Epic Movie ,English,USA,2007,2.3
John Milius,Adventure|Fantasy,Conan the Barbarian ,English,USA,1982,6.9
Tom McCarthy,Biography|Crime|Drama|History,Spotlight ,English,USA,2015,8.1
Neil LaBute,Crime|Drama|Thriller,Lakeview Terrace ,English,USA,2008,6.1
Takashi Shimizu,Horror|Thriller,The Grudge 2 ,English,USA,2006,5
Kevin Rodney Sullivan,Comedy|Drama|Romance,How Stella Got Her Groove Back ,English,USA,1998,5.5
Peter Hewitt,Adventure|Comedy|Fantasy|Music|Sci-Fi,Bill & Ted's Bogus Journey ,English,USA,1991,6.2
Barry Levinson,Comedy|Drama|Romance|Thriller,Man of the Year ,English,USA,2006,6.2
Anton Corbijn,Crime|Drama|Thriller,The American ,English,USA,2010,6.3
Gregory Nava,Biography|Drama|Music,Selena ,English,USA,1997,6.7
Jason Friedberg,Comedy,Vampires Suck ,English,USA,2010,3.5
Alejandro G. Iñárritu,Drama,Babel ,English,France,2006,7.5
Shawn Levy,Comedy|Drama,This Is Where I Leave You ,English,USA,2014,6.6
John Patrick Shanley,Drama|Mystery,Doubt ,English,USA,2008,7.5
Trey Parker,Action|Comedy,Team America: World Police ,English,USA,2004,7.2
John Luessenhop,Horror|Thriller,Texas Chainsaw 3D ,English,USA,2013,4.8
Jon Amiel,Crime|Drama|Mystery|Thriller,Copycat ,English,USA,1995,6.6
Malcolm D. Lee,Comedy,Scary Movie 5 ,English,USA,2013,3.5
Gus Van Sant,Biography|Drama|History,Milk ,English,USA,2008,7.6
Kevin Reynolds,Action|Adventure|Drama|Mystery,Risen ,English,USA,2016,6.3
Steve Beck,Horror,Ghost Ship ,English,USA,2002,5.5
Todd Strauss-Schulson,Adventure|Comedy,A Very Harold & Kumar 3D Christmas ,English,USA,2011,6.3
John McNaughton,Crime|Drama|Mystery|Thriller,Wild Things ,English,USA,1998,6.5
Nelson McCormick,Crime|Thriller,The Stepfather ,English,USA,2009,5.6
John Madden,Drama|Thriller,The Debt ,English,USA,2010,6.9
Stephen Frears,Comedy|Drama|Music|Romance,High Fidelity ,English,UK,2000,7.6
Eric Valette,Horror|Mystery,One Missed Call ,English,Japan,2008,3.9
John Schlesinger,Crime|Drama|Thriller,Eye for an Eye ,English,USA,1996,6.1
Roger Donaldson,Crime|Drama|Romance|Thriller,The Bank Job ,English,UK,2008,7.3
Michel Gondry,Drama|Fantasy|Romance|Sci-Fi,Eternal Sunshine of the Spotless Mind ,English,USA,2004,8.3
Andy Fickman,Comedy|Family|Romance,You Again ,English,USA,2010,5.8
David Ayer,Action|Crime|Drama|Thriller,Street Kings ,English,USA,2008,6.8
Edgar Wright,Action|Comedy|Sci-Fi,The World's End ,English,UK,2013,7
Andrew Fleming,Comedy|Crime|Family|Mystery|Romance|Thriller,Nancy Drew ,English,USA,2007,5.9
Michael Spierig,Action|Horror|Sci-Fi|Thriller,Daybreakers ,English,Australia,2009,6.5
Jim Field Smith,Comedy|Romance,She's Out of My League ,English,USA,2010,6.4
Thomas Bezucha,Adventure|Comedy|Family|Romance,Monte Carlo ,English,Hungary,2011,5.8
William Brent Bell,Horror|Thriller,Stay Alive ,English,USA,2006,5.1
Simon Wincer,Action|Adventure|Drama|Romance|Western,Quigley Down Under ,English,Australia,1990,6.8
Anthony Bell,Adventure|Animation|Comedy|Family|Romance,Alpha and Omega ,English,USA,2010,5.3
Renny Harlin,Action|Fantasy|Horror|Thriller,The Covenant ,English,USA,2006,5.3
Jessica Bendinger,Comedy|Drama|Sport,Stick It ,English,Germany,2006,6.4
Robert Rodriguez,Comedy|Family|Fantasy,Shorts ,English,USA,2009,4.9
Gus Van Sant,Comedy|Crime|Drama,To Die For ,English,USA,1995,6.8
Henry Joost,Adventure|Crime|Mystery|Sci-Fi|Thriller,Nerve ,English,USA,2016,7.1
Ed Harris,Crime|Drama|Western,Appaloosa ,English,USA,2008,6.8
John Carpenter,Action|Horror|Thriller,Vampires ,English,USA,1998,6.1
Alfred Hitchcock,Horror|Mystery|Thriller,Psycho ,English,USA,1960,8.5
Howard Deutch,Comedy|Romance,My Best Friend's Girl ,English,USA,2008,5.9
Shana Feste,Drama|Romance,Endless Love ,English,USA,2014,6.3
Garry Marshall,Comedy|Drama,Georgia Rule ,English,USA,2007,5.9
Steve Rash,Comedy,Under the Rainbow ,English,USA,1981,5.4
Mark Steven Johnson,Comedy|Drama|Family,Simon Birch ,English,USA,1998,6.9
Mike Binder,Drama,Reign Over Me ,English,USA,2007,7.5
Sean Penn,Adventure|Biography|Drama,Into the Wild ,English,USA,2007,8.2
Todd Phillips,Comedy,School for Scoundrels ,English,USA,2006,5.9
Michael J. Bassett,Adventure|Drama|Horror|Mystery|Thriller,Silent Hill: Revelation 3D ,English,France,2012,5
Robert Rodriguez,Crime|Fantasy|Horror,From Dusk Till Dawn ,English,USA,1996,7.3
Frank Nissen,Animation|Family|Fantasy|Mystery,Pooh's Heffalump Movie ,English,USA,2005,6.4
Jodie Foster,Comedy|Drama|Romance,Home for the Holidays ,English,USA,1995,6.6
Stephen Chow,Action|Comedy|Crime|Fantasy,Kung Fu Hustle ,Cantonese,Hong Kong,2004,7.8
Peter Hastings,Comedy|Family|Music|Musical,The Country Bears ,English,USA,2002,4
Marc Forster,Drama,The Kite Runner ,Dari,USA,2007,7.6
Alejandro G. Iñárritu,Drama,21 Grams ,English,USA,2003,7.7
Paul Abascal,Action|Crime|Drama|Thriller,Paparazzi ,English,USA,2004,5.8
Catherine Hardwicke,Drama|Fantasy|Romance,Twilight ,English,USA,2008,5.2
Chris Koch,Comedy|Romance,A Guy Thing ,English,USA,2003,5.6
Amy Heckerling,Comedy|Romance,Loser ,English,USA,2000,5.3
Michael Moore,Crime|Documentary|News,Capitalism: A Love Story ,English,USA,2009,7.4
George Stevens,Biography|Drama|History,The Greatest Story Ever Told ,English,USA,1965,6.6
Jason Friedberg,Comedy,Disaster Movie ,English,USA,2008,1.9
Nimród Antal,Action|Crime|Thriller,Armored ,English,USA,2009,5.7
Jon Amiel,Action|Comedy|Crime|Thriller,The Man Who Knew Too Little ,English,USA,1997,6.6
Mark Mylod,Comedy|Romance,What's Your Number? ,English,USA,2011,6
James Mather,Action|Adventure|Sci-Fi|Thriller,Lockout ,English,France,2012,6.1
Barry Levinson,Comedy,Envy ,English,USA,2004,4.8
Mark Neveldine,Action|Crime|Sci-Fi|Thriller,Crank: High Voltage ,English,USA,2009,6.2
Woody Allen,Comedy|Crime,Bullets Over Broadway ,English,USA,1994,7.5
Michael O. Sajbel,Biography|Drama|History,One Night with the King ,English,USA,2006,6.3
Phillip Noyce,Drama|Mystery|Romance|Thriller|War,The Quiet American ,English,UK,2002,7.1
Gore Verbinski,Comedy|Drama,The Weather Man ,English,USA,2005,6.6
Walter Hill,Action|Crime|Drama|Sport,Undisputed ,English,USA,2002,6.1
David Koepp,Comedy|Drama|Fantasy|Romance,Ghost Town ,English,USA,2008,6.7
Renny Harlin,Action|Crime|Thriller,12 Rounds ,English,USA,2009,5.6
Matt Reeves,Drama|Fantasy|Horror|Mystery,Let Me In ,English,UK,2010,7.2
Charles T. Kanganis,Action|Comedy|Family,3 Ninjas Kick Back ,English,USA,1994,4.3
Michel Gondry,Comedy,Be Kind Rewind ,English,UK,2008,6.4
Stephen Frears,Comedy|Drama|Music|War,Mrs Henderson Presents ,English,UK,2005,7.1
John Hillcoat,Action|Crime|Drama|Thriller,Triple 9 ,English,USA,2016,6.3
Woody Allen,Comedy,Deconstructing Harry ,English,USA,1997,7.4
Damon Santostefano,Comedy|Romance,Three to Tango ,English,Australia,1999,6.1
John Wells,Comedy|Drama,Burnt ,English,USA,2015,6.6
Neil Jordan,Comedy|Crime,We're No Angels ,English,USA,1989,6
Woody Allen,Comedy|Musical|Romance,Everyone Says I Love You ,English,USA,1996,6.8
Frank Oz,Comedy,Death at a Funeral ,English,USA,2007,7.4
James Wan,Action|Crime|Thriller,Death Sentence ,English,USA,2007,6.8
Kirk Jones,Adventure|Drama,Everybody's Fine ,English,USA,2009,7.2
Bob Clark,Comedy|Family|Sci-Fi,Superbabies: Baby Geniuses 2 ,English,Germany,2004,1.9
Les Mayfield,Action|Comedy|Crime,The Man ,English,Germany,2005,5.5
Les Mayfield,Action|Comedy|Crime,Code Name: The Cleaner ,English,USA,2007,4.5
Michael Lembeck,Comedy|Crime|Music,Connie and Carla ,English,USA,2004,6.3
Paul Thomas Anderson,Comedy|Crime|Drama|Mystery|Romance,Inherent Vice ,English,USA,2014,6.7
Dave Borthwick,Adventure|Animation|Comedy|Family|Fantasy,Doogal ,English,USA,2006,2.8
Benson Lee,Drama|Music,Battle of the Year ,English,USA,2013,5
David Zucker,Comedy|Fantasy,An American Carol ,English,USA,2008,4.3
Robert Rodriguez,Action|Comedy|Crime|Thriller,Machete Kills ,English,Russia,2013,5.6
Glen Morgan,Drama|Horror|Sci-Fi|Thriller,Willard ,English,Canada,2003,6.2
Fred Wolf,Adventure|Comedy,Strange Wilderness ,English,USA,2008,5.3
Mike Leigh,Biography|Comedy|Drama|History|Music|Musical,Topsy-Turvy ,English,UK,1999,7.4
Alejandro Monteverde,Drama|War,Little Boy ,English,Mexico,2015,7.4
David Cronenberg,Biography|Drama|Thriller,A Dangerous Method ,English,UK,2011,6.5
Richard Linklater,Animation|Drama|Mystery|Sci-Fi|Thriller,A Scanner Darkly ,English,USA,2006,7.1
Michael Apted,Biography|Drama|Sport,Chasing Mavericks ,English,USA,2012,7.2
Uwe Boll,Horror|Sci-Fi,Alone in the Dark ,English,Canada,2005,2.3
Todd Graff,Comedy|Drama|Family|Music|Romance,Bandslam ,English,USA,2009,6.4
Jonathan Glazer,Drama|Mystery|Romance|Thriller,Birth ,English,USA,2004,6.1
J.C. Chandor,Action|Crime|Drama|Thriller,A Most Violent Year ,English,USA,2014,7
Marc Abraham,Biography|Drama,Flash of Genius ,English,USA,2008,7
Todd Haynes,Biography|Drama|Music,I'm Not There. ,English,USA,2007,7
Mabrouk El Mechri,Action|Thriller,The Cold Light of Day ,English,USA,2012,4.9
Rian Johnson,Adventure|Comedy|Drama|Romance,The Brothers Bloom ,English,USA,2008,6.9
Charlie Kaufman,Comedy|Drama|Romance,"Synecdoche, New York ",English,USA,2008,7.5
Hayao Miyazaki,Adventure|Animation|Fantasy,Princess Mononoke ,Japanese,Japan,1997,8.4
Jean-Paul Rappeneau,Comedy|Drama|Mystery|Romance|Thriller|War,Bon voyage ,French,France,2003,6.9
Nancy Walker,Biography|Comedy|Musical,Can't Stop the Music ,English,USA,1980,4.5
John Hillcoat,Crime|Drama|Western,The Proposition ,English,Australia,2005,7.4
Angelo Pizzo,Biography|Drama|Sport,Courage ,English,USA,2015,7
Richard Benjamin,Comedy|Music,Marci X ,English,USA,2003,2.8
Kurt Wimmer,Action|Drama|Sci-Fi|Thriller,Equilibrium ,English,USA,2002,7.5
Roger Spottiswoode,Drama|War,The Children of Huang Shi ,English,Australia,2008,7.1
James Gray,Crime|Drama|Romance|Thriller,The Yards ,English,USA,2000,6.4
Matthew Diamond,Adventure|Family|Fantasy|Musical,The Oogieloves in the Big Balloon Adventure ,English,USA,2012,6.7
Angelina Jolie Pitt,Drama|Romance,By the Sea ,English,USA,2015,5.3
Katsuhiro Ôtomo,Action|Adventure|Animation|Family|Sci-Fi|Thriller,Steamboy ,Japanese,Japan,2004,6.9
David Anspaugh,Drama|History|Sport,The Game of Their Lives ,English,USA,2005,6.2
Andrew Jarecki,Crime|Drama|Mystery|Romance|Thriller,All Good Things ,English,USA,2010,6.3
Kevin Reynolds,Action|Adventure|Drama|History|Romance,Rapa Nui ,English,USA,1994,6.4
Stephen Chow,Comedy|Family|Sci-Fi,CJ7 ,Cantonese,Hong Kong,2008,6.5
Jean-Marie Poiré,Comedy|Family|Fantasy|Sci-Fi,Les couloirs du temps: Les visiteurs II ,French,France,1998,6
Kevin Munroe,Action|Comedy|Crime|Fantasy|Horror|Mystery|Sci-Fi|Thriller,Dylan Dog: Dead of Night ,English,USA,2010,5.1
Daniel Algrant,Crime|Drama|Mystery,People I Know ,English,USA,2002,5.5
Julie Taymor,Comedy|Drama|Fantasy|Romance,The Tempest ,English,USA,2010,5.4
Alejandro Amenábar,Crime|Drama|Mystery|Thriller,Regression ,English,Spain,2015,5.7
John Curran,Drama|Romance,The Painted Veil ,Mandarin,China,2006,7.5
Uli Edel,Action|Biography|Crime|Drama,The Baader Meinhof Complex ,German,Germany,2008,7.4
Kevin Costner,Adventure|Drama|Western,Dances with Wolves ,English,USA,1990,8
Jake Kasdan,Comedy,Bad Teacher ,English,USA,2011,5.7
Harold Becker,Crime|Drama|Mystery|Thriller,Sea of Love ,English,USA,1989,6.8
Mark Rosman,Comedy|Family|Romance,A Cinderella Story ,English,USA,2004,5.9
Wes Craven,Horror|Mystery,Scream ,English,USA,1996,7.2
Steve Beck,Horror,Thir13en Ghosts ,English,USA,2001,5.5
Robert Zemeckis,Adventure|Comedy|Sci-Fi,Back to the Future ,English,USA,1985,8.5
William Malone,Horror|Mystery|Thriller,House on Haunted Hill ,English,USA,1999,5.6
Tyler Perry,Comedy|Drama,I Can Do Bad All by Myself ,English,USA,2009,4.1
Josh Gordon,Comedy|Drama|Romance,The Switch ,English,USA,2010,6.1
Shawn Levy,Comedy|Romance,Just Married ,English,USA,2003,5.4
Lee Tamahori,Biography|Drama|Thriller,The Devil's Double ,English,Belgium,2011,7.1
Britt Allcroft,Adventure|Comedy|Drama|Family|Fantasy,Thomas and the Magic Railroad ,English,UK,2000,3.6
Breck Eisner,Horror|Thriller,The Crazies ,English,USA,2010,6.5
Hayao Miyazaki,Adventure|Animation|Family|Fantasy,Spirited Away ,Japanese,Japan,2001,8.6
Roger Donaldson,Action|Adventure|Drama|History|Romance,The Bounty ,English,UK,1984,7
Brian Percival,Drama|War,The Book Thief ,English,USA,2013,7.6
Sean Anders,Adventure|Comedy|Romance,Sex Drive ,English,USA,2008,6.5
Anand Tucker,Comedy|Romance,Leap Year ,English,USA,2010,6.4
Michael Dowse,Comedy|Drama|Romance,Take Me Home Tonight ,English,USA,2011,6.3
Daniel Barnz,Drama,Won't Back Down ,English,USA,2012,6.4
Emile Ardolino,Family|Fantasy|Music,The Nutcracker ,English,USA,1993,5.7
Robert Altman,Crime|Drama|Music|Thriller,Kansas City ,English,France,1996,6.3
James Schamus,Drama,Indignation ,Hebrew,USA,2016,7.8
Andrew Douglas,Drama|Horror|Mystery|Thriller,The Amityville Horror ,English,USA,2005,6
Spike Jonze,Comedy|Drama,Adaptation. ,English,USA,2002,7.7
George A. Romero,Horror,Land of the Dead ,English,Canada,2005,6.2
Terry Gilliam,Adventure|Comedy|Drama,Fear and Loathing in Las Vegas ,English,USA,1998,7.7
Ricky Gervais,Comedy|Fantasy|Romance,The Invention of Lying ,English,USA,2009,6.4
Nicholas Stoller,Comedy,Neighbors ,English,USA,2014,6.4
Chuck Russell,Action|Comedy|Crime|Fantasy,The Mask ,English,USA,1994,6.9
Penny Marshall,Comedy|Drama|Family|Fantasy|Romance,Big ,English,USA,1988,7.3
Larry Charles,Comedy,Borat: Cultural Learnings of America for Make Benefit Glorious Nation of Kazakhstan ,English,USA,2006,7.3
Robert Luketic,Comedy|Romance,Legally Blonde ,English,USA,2001,6.2
Leonard Nimoy,Action|Adventure|Sci-Fi,Star Trek III: The Search for Spock ,English,USA,1984,6.6
Scott Derrickson,Drama|Horror|Thriller,The Exorcism of Emily Rose ,English,USA,2005,6.7
Mike Mitchell,Comedy|Romance,Deuce Bigalow: Male Gigolo ,English,USA,1999,5.7
Vic Armstrong,Action|Drama|Fantasy|Mystery|Thriller,Left Behind ,English,USA,2014,3.1
Thomas Bezucha,Comedy|Drama|Romance,The Family Stone ,English,USA,2005,6.3
Kevin Rodney Sullivan,Comedy|Drama,Barbershop 2: Back in Business ,English,USA,2004,5.7
Terry Zwigoff,Comedy|Crime|Drama,Bad Santa ,English,USA,2003,7.1
Jay Roach,Comedy|Crime,Austin Powers: International Man of Mystery ,English,USA,1997,7
Kirk Jones,Comedy|Family|Romance,My Big Fat Greek Wedding 2 ,English,USA,2016,6.1
David Bowers,Comedy|Family,Diary of a Wimpy Kid: Rodrick Rules ,English,USA,2011,6.6
John McTiernan,Action|Horror|Sci-Fi,Predator ,English,USA,1987,7.8
Milos Forman,Biography|Drama|History|Music,Amadeus ,English,USA,1984,8.3
Nelson McCormick,Horror|Mystery,Prom Night ,English,USA,2008,3.9
Mark Waters,Comedy,Mean Girls ,English,USA,2004,7
Audrey Wells,Comedy|Drama|Romance,Under the Tuscan Sun ,English,USA,2003,6.7
Robert Altman,Drama|Mystery,Gosford Park ,English,UK,2001,7.3
Francis Ford Coppola,Comedy|Drama|Fantasy|Romance,Peggy Sue Got Married ,English,USA,1986,6.3
Alejandro G. Iñárritu,Comedy|Drama|Romance,Birdman or (The Unexpected Virtue of Ignorance) ,English,USA,2014,7.8
Woody Allen,Drama,Blue Jasmine ,English,USA,2013,7.3
Paul Greengrass,Drama|History|Thriller,United 93 ,English,USA,2006,7.6
Bille Woodruff,Drama|Music|Romance,Honey ,English,USA,2003,5.3
Edward Zwick,Drama|History|War,Glory ,English,USA,1989,7.9
Rick Friedberg,Action|Comedy,Spy Hard ,English,USA,1996,5.3
John Carpenter,Fantasy|Horror,The Fog ,English,USA,1980,6.8
Sean McNamara,Biography|Drama|Family|Sport,Soul Surfer ,English,USA,2011,7.1
Jody Hill,Comedy|Crime|Drama,Observe and Report ,English,USA,2009,5.8
Richard Fleischer,Action|Adventure|Fantasy,Conan the Destroyer ,English,USA,1984,5.8
Martin Scorsese,Biography|Drama|Sport,Raging Bull ,English,USA,1980,8.3
Brandon Camp,Drama|Romance,Love Happens ,English,USA,2009,5.6
Barry Levinson,Adventure|Fantasy|Mystery|Thriller,Young Sherlock Holmes ,English,USA,1985,6.8
Kevin Tancharoen,Comedy|Drama|Musical|Romance,Fame ,English,USA,2009,5
Danny Boyle,Adventure|Biography|Drama|Thriller,127 Hours ,English,USA,2010,7.6
Woody Allen,Comedy|Crime,Small Time Crooks ,English,USA,2000,6.7
Nicholas Hytner,Drama|Music|Romance,Center Stage ,English,USA,2000,6.7
Jessie Nelson,Comedy,Love the Coopers ,English,USA,2015,5.7
Bart Freundlich,Comedy|Crime,Catch That Kid ,English,USA,2004,5.2
Irwin Winkler,Drama,Life as a House ,English,USA,2001,7.5
Danny Boyle,Biography|Drama,Steve Jobs ,English,UK,2015,7.2
Chris Columbus,Comedy|Romance,"I Love You, Beth Cooper ",English,Canada,2009,5.3
Miguel Arteta,Comedy|Drama|Romance,Youth in Revolt ,English,USA,2009,6.5
William A. Fraker,Action|Adventure|Western,The Legend of the Lone Ranger ,English,USA,1981,5
John Boorman,Drama|Thriller,The Tailor of Panama ,English,USA,2001,6.1
Courtney Solomon,Action|Crime|Thriller,Getaway ,English,USA,2013,4.4
Ang Lee,Drama,The Ice Storm ,English,USA,1997,7.5
Rob Reiner,Comedy|Drama|Romance,And So It Goes ,English,USA,2014,5.7
Jeff Kanew,Adventure|Comedy,Troop Beverly Hills ,English,USA,1989,5.5
István Szabó,Comedy|Drama|Romance,Being Julia ,English,Canada,2004,7.1
Adrian Lyne,Drama|Romance,9½ Weeks ,English,USA,1986,5.9
Matthew Robbins,Action|Adventure|Fantasy,Dragonslayer ,English,USA,1981,6.7
Michael Hoffman,Biography|Drama|Romance,The Last Station ,English,Germany,2009,7
Tim Burton,Biography|Comedy|Drama,Ed Wood ,English,USA,1994,7.9
Jason Reitman,Drama,Labor Day ,English,USA,2013,6.9
Sergey Bodrov,Adventure|Biography|Drama|History|War,Mongol: The Rise of Genghis Khan ,Mongolian,Russia,2007,7.3
Guy Ritchie,Action|Crime|Thriller,RocknRolla ,English,UK,2008,7.3
Hal Needham,Action|Sci-Fi,Megaforce ,English,USA,1982,3.5
Kenneth Branagh,Drama,Hamlet ,English,UK,1996,7.8
Bruce Beresford,Biography|Drama|Music|Romance,Mao's Last Dancer ,English,Australia,2009,7.4
Jeff Nichols,Adventure|Drama|Sci-Fi|Thriller,Midnight Special ,English,Greece,2016,6.7
Woody Allen,Comedy|Romance,Anything Else ,English,USA,2003,6.4
Jonathan Teplitzky,Biography|Drama|Romance|War,The Railway Man ,English,Australia,2013,7.1
Michael Haneke,Drama|Mystery,The White Ribbon ,German,Germany,2009,7.8
Mike Marvin,Action|Horror|Romance|Sci-Fi|Thriller,The Wraith ,English,USA,1986,5.9
D.J. Caruso,Crime|Drama|Mystery|Thriller,The Salton Sea ,English,USA,2002,7.2
Nimród Antal,Music,Metallica Through the Never ,English,USA,2013,7.2
Lance Hool,Action|Drama|History|Romance|War|Western,One Man's Hero ,English,Spain,1999,6.2
Christian Volckman,Action|Animation|Sci-Fi|Thriller,Renaissance ,English,France,2006,6.7
Greg Mottola,Comedy,Superbad ,English,USA,2007,7.6
Tyler Perry,Comedy|Crime|Drama,Madea Goes to Jail ,English,USA,2009,4.1
Jon M. Chu,Drama|Music|Musical|Romance,Step Up 2: The Streets ,English,USA,2008,6.2
Cory Edwards,Action|Animation|Comedy|Crime|Family,Hoodwinked! ,English,USA,2005,6.5
Terry George,Drama|History|War,Hotel Rwanda ,English,UK,2004,8.1
Xavier Gens,Action|Crime|Drama|Thriller,Hitman ,English,France,2007,6.3
Kasi Lemmons,Drama|Family|Music|Musical,Black Nativity ,English,USA,2013,4.4
Matt Dillon,Crime|Drama|Thriller,City of Ghosts ,English,USA,2002,6
Alejandro Amenábar,Fantasy|Horror|Thriller,The Others ,English,USA,2001,7.6
James Cameron,Action|Adventure|Sci-Fi,Aliens ,English,USA,1986,8.4
George Cukor,Drama|Family|Musical|Romance,My Fair Lady ,English,USA,1964,7.9
Jim Gillespie,Horror|Mystery|Thriller,I Know What You Did Last Summer ,English,USA,1997,5.6
Luke Greenfield,Comedy,Let's Be Cops ,English,USA,2014,6.5
Alexander Payne,Adventure|Comedy|Drama|Romance,Sideways ,English,USA,2004,7.5
Jay Chandrasekhar,Comedy,Beerfest ,English,USA,2006,6.3
John Carpenter,Horror|Thriller,Halloween ,English,USA,1978,7.9
Yimou Zhang,Action|Adventure|History,Hero ,Mandarin,China,2002,7.9
John Hoffman,Comedy|Drama|Family|Fantasy|Sci-Fi,Good Boy! ,English,USA,2003,5.1
Malcolm D. Lee,Comedy|Drama,The Best Man Holiday ,English,USA,2013,6.7
Joe Carnahan,Action|Crime|Drama|Thriller,Smokin' Aces ,English,UK,2006,6.7
Kevin Greutert,Horror|Mystery,Saw 3D: The Final Chapter ,English,Canada,2010,5.6
Michael Lehmann,Comedy|Romance,40 Days and 40 Nights ,English,USA,2002,5.6
Joseph Kosinski,Action|Adventure|Sci-Fi,TRON: Legacy ,English,USA,2010,6.8
John Fortenberry,Comedy|Music|Romance,A Night at the Roxbury ,English,USA,1998,6.2
Daniel Barnz,Drama|Fantasy|Romance,Beastly ,English,USA,2011,5.6
Alexandre Aja,Horror,The Hills Have Eyes ,English,USA,2006,6.4
Sam Weisman,Comedy,Dickie Roberts: Former Child Star ,English,USA,2003,5.6
Niki Caro,Biography|Drama|Sport,"McFarland, USA ",English,USA,2015,7.4
Erik White,Comedy,Lottery Ticket ,English,USA,2010,4.9
Chris Robinson,Comedy|Crime|Drama|Music|Romance,ATL ,English,USA,2006,6
Jason Moore,Comedy|Music|Romance,Pitch Perfect ,English,USA,2012,7.2
Michael Tollin,Comedy|Drama|Romance|Sport,Summer Catch ,English,USA,2001,4.9
Sam Raimi,Crime|Drama|Thriller,A Simple Plan ,English,UK,1998,7.5
Robert Harmon,Horror|Mystery|Thriller,They ,English,USA,2002,4.8
Trent Cooper,Comedy|Romance,Larry the Cable Guy: Health Inspector ,English,USA,2006,3.1
Gary Halvorson,Adventure|Comedy|Family|Fantasy|Musical,The Adventures of Elmo in Grouchland ,English,USA,1999,5.8
Antoine Fuqua,Crime|Drama|Thriller,Brooklyn's Finest ,English,USA,2009,6.7
Fede Alvarez,Horror,Evil Dead ,English,USA,2013,6.5
Donald Petrie,Comedy|Romance,My Life in Ruins ,English,USA,2009,5.9
Paul Weitz,Comedy|Music,American Dreamz ,English,USA,2006,5.5
Sidney J. Furie,Action|Adventure|Family|Sci-Fi,Superman IV: The Quest for Peace ,English,UK,1987,3.6
Ian Iqbal Rashid,Drama,How She Move ,English,Canada,2007,3.3
Wayne Kramer,Action|Crime|Drama|Thriller,Running Scared ,English,Germany,2006,7.4
Rowdy Herrington,Biography|Drama|Romance|Sport,Bobby Jones: Stroke of Genius ,English,USA,2004,6.7
Jim Goddard,Adventure|Crime|Drama|Romance,Shanghai Surprise ,English,UK,1986,3
Neil Burger,Drama|Mystery|Romance|Thriller,The Illusionist ,English,USA,2006,7.6
Noel Marshall,Adventure|Horror|Thriller,Roar ,English,USA,1981,6.4
Joel Schumacher,Biography|Crime|Drama|Thriller,Veronica Guerin ,English,Ireland,2003,6.9
Andrea Di Stefano,Crime|Drama|Romance|Thriller,Escobar: Paradise Lost ,English,France,2014,6.6
Richard Kelly,Comedy|Mystery|Sci-Fi|Thriller,Southland Tales ,English,France,2006,5.5
Todd Lincoln,Horror|Thriller,The Apparition ,English,USA,2012,4.1
Howard Zieff,Comedy|Drama|Family|Romance,My Girl ,English,USA,1991,6.8
Steven Shainberg,Biography|Drama|Romance,Fur: An Imaginary Portrait of Diane Arbus ,English,USA,2006,6.5
Neil Burger,Drama|Mystery|Romance|Thriller,The Illusionist ,English,USA,2006,7.6
Oliver Stone,Crime|Drama,Wall Street ,English,USA,1987,7.4
Ang Lee,Drama|Romance,Sense and Sensibility ,English,USA,1995,7.7
Julian Jarrold,Biography|Drama|Romance,Becoming Jane ,English,UK,2007,7.1
Joe Nussbaum,Comedy|Romance,Sydney White ,English,USA,2007,6.3
Vadim Perelman,Drama,House of Sand and Fog ,English,USA,2003,7.6
Peter Weir,Comedy|Drama,Dead Poets Society ,English,USA,1989,8
Peter Farrelly,Comedy,Dumb & Dumber ,English,USA,1994,7.3
Rob Reiner,Comedy|Drama|Romance,When Harry Met Sally... ,English,USA,1989,7.6
Sidney Lumet,Drama,The Verdict ,English,USA,1982,7.8
Todd Phillips,Comedy,Road Trip ,English,USA,2000,6.5
Brian Robbins,Comedy|Drama|Romance|Sport,Varsity Blues ,English,USA,1999,6.4
Michel Hazanavicius,Comedy|Drama|Romance,The Artist ,English,France,2011,8
David S. Goyer,Drama|Fantasy|Horror|Mystery|Thriller,The Unborn ,English,USA,2009,4.8
Wes Anderson,Adventure|Comedy|Drama|Romance,Moonrise Kingdom ,English,USA,2012,7.8
Jonathan Liebesman,Horror,The Texas Chainsaw Massacre: The Beginning ,English,USA,2006,5.9
Cyrus Nowrasteh,Drama,The Young Messiah ,English,USA,2016,5.4
Perry Andelin Blake,Comedy|Family,The Master of Disguise ,English,USA,2002,3.3
Guillermo del Toro,Drama|Fantasy|War,Pan's Labyrinth ,Spanish,Spain,2006,8.2
John Whitesell,Action|Comedy|Crime|Family,See Spot Run ,English,USA,2001,5.4
John Singleton,Crime|Drama|Romance|Thriller,Baby Boy ,English,USA,2001,6.4
Christian E. Christiansen,Drama|Horror|Thriller,The Roommate ,English,USA,2011,4.8
Dennie Gordon,Adventure|Comedy|Drama,Joe Dirt ,English,USA,2001,5.9
Sheldon Lettich,Action|Crime,Double Impact ,English,USA,1991,5.5
Edgar Wright,Action|Comedy|Mystery,Hot Fuzz ,English,UK,2007,7.9
Diane English,Comedy|Drama,The Women ,English,USA,2008,4.9
Woody Allen,Drama|Romance,Vicky Cristina Barcelona ,English,Spain,2008,7.2
Jon Lucas,Comedy,Bad Moms ,English,USA,2016,6.7
Robert Iscove,Comedy|Drama|Romance,Boys and Girls ,English,USA,2000,5.3
Peter Kosminsky,Drama,White Oleander ,English,USA,2002,7.2
Karyn Kusama,Comedy|Fantasy|Horror,Jennifer's Body ,English,USA,2009,5.1
Nick Gomez,Comedy|Crime|Mystery,Drowning Mona ,English,USA,2000,5.6
Woody Allen,Comedy,Radio Days ,English,USA,1987,7.6
Vic Armstrong,Action|Drama|Fantasy|Mystery|Thriller,Left Behind ,English,USA,2014,3.1
Allen Coulter,Drama|Romance,Remember Me ,English,USA,2010,7.2
Clare Kilner,Comedy|Drama|Romance,How to Deal ,English,USA,2003,5.7
Richard Benjamin,Comedy|Romance|Sci-Fi,My Stepmother Is an Alien ,English,USA,1988,5.2
Jonathan Demme,Drama,Philadelphia ,English,USA,1993,7.7
Josef Rusnak,Mystery|Sci-Fi|Thriller,The Thirteenth Floor ,English,Germany,1999,7
Lance Rivera,Comedy,The Cookout ,English,USA,2004,3.6
Bruce Paltrow,Comedy|Drama|Music,Duets ,English,USA,2000,6
Woody Allen,Comedy|Romance,Hollywood Ending ,English,USA,2002,6.6
Adam Rifkin,Comedy|Music,Detroit Rock City ,English,USA,1999,6.8
Russell Mulcahy,Action|Adventure|Fantasy,Highlander ,English,UK,1986,7.2
Susanne Bier,Drama,Things We Lost in the Fire ,English,USA,2007,7.2
Kenneth Johnson,Action|Crime|Sci-Fi,Steel ,English,USA,1997,2.8
James Gray,Drama|Romance,The Immigrant ,English,USA,2013,6.6
James Ivory,Drama|History|Romance|War,The White Countess ,English,UK,2005,6.7
Danny Boyle,Crime|Drama|Mystery|Thriller,Trance ,English,UK,2013,7
Jessy Terrero,Comedy,Soul Plane ,English,USA,2004,4.4
Vicente Amorim,Drama|Romance|War,Good ,English,UK,2008,6.2
Gaspar Noé,Drama|Fantasy,Enter the Void ,English,France,2009,7.3
Amy Heckerling,Comedy|Horror|Romance,Vamps ,English,USA,2012,5.1
Tommy Lee Jones,Drama|Western,The Homesman ,English,USA,2014,6.6
Jesse Vaughan,Comedy|Drama|Romance|Sport,Juwanna Mann ,English,USA,2002,4.5
Atom Egoyan,Drama|War,Ararat ,English,Canada,2002,6.6
William Bindley,Drama|Sport,Madison ,English,USA,2001,6.5
Wayne Beach,Drama|Mystery|Thriller,Slow Burn ,English,USA,2005,5.9
Gérard Krawczyk,Action|Comedy|Crime|Drama|Thriller,Wasabi ,French,France,2001,6.6
James Gunn,Comedy|Horror|Sci-Fi,Slither ,English,Canada,2006,6.5
Martin Brest,Action|Comedy|Crime,Beverly Hills Cop ,English,USA,1984,7.3
Chris Columbus,Comedy|Family,Home Alone ,English,USA,1990,7.5
Leonard Nimoy,Comedy|Drama|Family,3 Men and a Baby ,English,USA,1987,5.9
Sydney Pollack,Comedy|Drama|Romance,Tootsie ,English,USA,1982,7.4
Tony Scott,Action|Drama|Romance,Top Gun ,English,USA,1986,6.9
Ang Lee,Action|Drama|Romance,"Crouching Tiger, Hidden Dragon ",Mandarin,Taiwan,2000,7.9
Sam Mendes,Drama,American Beauty ,English,USA,1999,8.4
Tom Hooper,Biography|Drama|History|Romance,The King's Speech ,English,UK,2010,8
Ivan Reitman,Comedy|Crime,Twins ,English,USA,1988,6
Udayan Prasad,Drama|Romance,The Yellow Handkerchief ,English,USA,2008,6.8
Steven Spielberg,Drama,The Color Purple ,English,USA,1985,7.8
Morten Tyldum,Biography|Drama|Thriller|War,The Imitation Game ,English,UK,2014,8.1
Howard Zieff,Comedy|War,Private Benjamin ,English,USA,1980,6.1
Michael Apted,Biography|Drama|Music|Musical,Coal Miner's Daughter ,English,USA,1980,7.5
Thor Freudenthal,Comedy|Family,Diary of a Wimpy Kid ,English,USA,2010,6.2
Andrés Muschietti,Fantasy|Horror,Mama ,English,Canada,2013,6.2
John Carpenter,Horror|Thriller,Halloween ,English,USA,1978,7.9
Harold Ramis,Adventure|Comedy,National Lampoon's Vacation ,English,USA,1983,7.4
Jeff Tremaine,Comedy,Bad Grandpa ,English,USA,2013,6.6
Stephen Frears,Biography|Drama,The Queen ,English,UK,2006,7.3
Tim Burton,Comedy|Fantasy,Beetlejuice ,English,USA,1988,7.5
Tyler Perry,Comedy|Drama,Why Did I Get Married? ,English,USA,2007,5.6
Gillian Armstrong,Drama|Family|Romance,Little Women ,English,USA,1994,7.3
James Watkins,Drama|Fantasy|Horror|Thriller,The Woman in Black ,English,UK,2012,6.4
Simon West,Horror|Thriller,When a Stranger Calls ,English,USA,2006,5
Shawn Levy,Adventure|Comedy|Family,Big Fat Liar ,English,USA,2002,5.4
Barry Levinson,Comedy|Drama,Wag the Dog ,English,USA,1997,7.1
Jim Fall,Adventure|Comedy|Family|Music|Romance,The Lizzie McGuire Movie ,English,USA,2003,5.3
Ric Roman Waugh,Action|Drama|Thriller,Snitch ,English,USA,2013,6.5
Michael Dougherty,Comedy|Fantasy|Horror,Krampus ,English,USA,2015,6.2
Robert Rodriguez,Horror|Mystery|Sci-Fi,The Faculty ,English,USA,1998,6.4
Brian Gibson,Biography|Drama|Music,What's Love Got to Do with It ,English,USA,1993,7.2
James Mangold,Crime|Drama|Thriller,Cop Land ,English,USA,1997,6.9
Joel Gallen,Comedy,Not Another Teen Movie ,English,USA,2001,5.7
David Ayer,Crime|Drama|Thriller,End of Watch ,English,USA,2012,7.7
Cameron Crowe,Comedy|Drama|Romance,Aloha ,English,USA,2015,5.4
Rob Cohen,Action|Crime|Drama|Thriller,The Skulls ,English,USA,2000,5.6
James Marsh,Biography|Drama|Romance,The Theory of Everything ,English,UK,2014,7.7
John Whitesell,Comedy|Crime,Malibu's Most Wanted ,English,USA,2003,5.1
Matt Williams,Comedy|Drama|Romance,Where the Heart Is ,English,USA,2000,6.8
David Lean,Adventure|Biography|Drama|History|War,Lawrence of Arabia ,English,UK,1962,8.4
Rob Zombie,Horror,Halloween II ,English,USA,2009,4.9
Jean-Marc Vallée,Adventure|Biography|Drama,Wild ,English,USA,2014,7.1
Dennis Iliadis,Crime|Horror|Thriller,The Last House on the Left ,English,USA,2009,6.6
Clare Kilner,Comedy|Romance,The Wedding Date ,English,USA,2005,6.1
Rick Rosenthal,Comedy|Horror|Thriller,Halloween: Resurrection ,English,USA,2002,4.1
Louis Leterrier,Action|Adventure|Fantasy,Clash of the Titans ,English,USA,2010,5.8
Rob Reiner,Adventure|Family|Fantasy|Romance,The Princess Bride ,English,USA,1987,8.1
Denzel Washington,Biography|Drama,The Great Debaters ,English,USA,2007,7.6
Nicolas Winding Refn,Crime|Drama,Drive ,English,USA,2011,7.8
Sara Sugarman,Comedy|Family|Music|Romance,Confessions of a Teenage Drama Queen ,English,Germany,2004,4.6
Nicholas Hytner,Comedy|Drama|Romance,The Object of My Affection ,English,USA,1998,6
Juan Carlos Fresnadillo,Drama|Horror|Sci-Fi,28 Weeks Later ,English,UK,2007,7
Thomas Carter,Drama|Family|Sport,When the Game Stands Tall ,English,USA,2014,6.7
Wayne Wang,Comedy|Drama|Family,Because of Winn-Dixie ,English,USA,2005,6.4
Gina Prince-Bythewood,Drama|Romance|Sport,Love & Basketball ,English,USA,2000,7.2
George Armitage,Action|Comedy|Crime|Romance|Thriller,Grosse Pointe Blank ,English,USA,1997,7.4
Phil Traill,Comedy|Romance,All About Steve ,English,USA,2009,4.8
Joe Berlinger,Adventure|Fantasy|Horror|Mystery|Thriller,Book of Shadows: Blair Witch 2 ,English,USA,2000,4
Andrew Fleming,Drama|Fantasy|Horror|Thriller,The Craft ,English,USA,1996,6.2
Woody Allen,Drama|Romance|Thriller,Match Point ,English,UK,2005,7.7
Elizabeth Allen Rosenbaum,Adventure|Comedy|Family|Fantasy,Ramona and Beezus ,English,USA,2010,6.7
James Ivory,Drama|Romance,The Remains of the Day ,English,UK,1993,7.9
Paul Thomas Anderson,Drama,Boogie Nights ,English,USA,1997,7.9
Robert Harmon,Action|Crime|Drama|Romance|Thriller,Nowhere to Run ,English,USA,1993,5.5
Michael Mayer,Adventure|Drama|Family,Flicka ,English,USA,2006,6.2
Martin Weisz,Horror,The Hills Have Eyes II ,English,USA,2007,5.1
John Ottman,Horror|Mystery|Thriller,Urban Legends: Final Cut ,English,USA,2000,4.1
Jay Russell,Drama|Family|Fantasy|Romance,Tuck Everlasting ,English,USA,2002,6.7
John Bonito,Action|Drama|Thriller,The Marine ,English,USA,2006,4.7
Peter Atencio,Action|Comedy,Keanu ,English,USA,2016,6.4
Shana Feste,Drama|Music,Country Strong ,English,Official site,2010,6.3
David Nutter,Horror|Mystery|Sci-Fi|Thriller,Disturbing Behavior ,English,Australia,1998,5.5
Derek Cianfrance,Crime|Drama|Thriller,The Place Beyond the Pines ,English,USA,2012,7.3
Roger Donaldson,Action|Crime|Thriller,The November Man ,English,USA,2014,6.3
Stephan Elliott,Drama|Mystery|Thriller,Eye of the Beholder ,English,Canada,1999,4.9
Kathryn Bigelow,Drama|History|Thriller|War,The Hurt Locker ,English,USA,2008,7.6
Mark L. Lester,Action|Horror|Sci-Fi|Thriller,Firestarter ,English,USA,1984,6
Andrew Dominik,Crime|Thriller,Killing Them Softly ,English,USA,2012,6.2
Anton Corbijn,Crime|Drama|Thriller,A Most Wanted Man ,English,UK,2014,6.8
Tom Green,Comedy,Freddy Got Fingered ,English,USA,2001,4.5
Mike Nawrocki,Adventure|Animation|Comedy|Family,The Pirates Who Don't Do Anything: A VeggieTales Movie ,English,USA,2008,5.7
Catherine Owens,Documentary|Music,U2 3D ,English,USA,2007,8.4
Douglas Aarniokoski,Action|Adventure|Fantasy|Sci-Fi,Highlander: Endgame ,English,USA,2000,4.6
Bryan Barber,Crime|Drama|Musical|Romance,Idlewild ,English,USA,2006,6.2
Lone Scherfig,Drama|Romance,One Day ,English,USA,2011,7
Drew Barrymore,Drama|Sport,Whip It ,English,USA,2009,6.9
Brian Koppelman,Crime|Drama|Thriller,Knockaround Guys ,English,USA,2001,6.1
James Foley,Crime|Thriller,Confidence ,English,USA,2003,6.7
Albert Brooks,Comedy,The Muse ,English,USA,1999,5.6
Irwin Winkler,Biography|Drama|Music|Musical,De-Lovely ,English,USA,2004,6.6
Woody Allen,Comedy|Drama|Romance,New York Stories ,English,USA,1989,6.4
Steve Gomer,Adventure|Family,Barney's Great Adventure ,English,Canada,1998,2.8
RZA,Action,The Man with the Iron Fists ,English,USA,2012,5.4
Dean Parisot,Comedy|Drama|Romance,Home Fries ,English,USA,1998,5
Mark Piznarski,Drama|Romance,Here on Earth ,English,USA,2000,5.1
Terry Gilliam,Drama|Sci-Fi,Brazil ,English,UK,1985,8
Sean McNamara,Family|Music|Romance,Raise Your Voice ,English,USA,2004,5.9
Joel Coen,Comedy|Crime,The Big Lebowski ,English,USA,1998,8.2
Craig Brewer,Drama|Music,Black Snake Moan ,English,USA,2006,7
Ron Shelton,Crime|Drama|Romance|Thriller,Dark Blue ,English,USA,2002,6.6
Michael Winterbottom,Biography|Drama|History|Thriller|War,A Mighty Heart ,English,USA,2007,6.7
David Raynr,Comedy|Drama|Romance,Whatever It Takes ,English,USA,2000,5.5
Mort Nathan,Comedy,Boat Trip ,English,USA,2002,4.9
Oliver Parker,Comedy|Drama|Romance,The Importance of Being Earnest ,English,UK,2002,6.9
Wil Shriner,Adventure|Comedy|Family,Hoot ,English,USA,2006,5.6
Martin McDonagh,Comedy|Crime|Drama,In Bruges ,English,UK,2008,8
Tina Gordon Chism,Comedy|Romance,Peeples ,English,USA,2013,5.3
Peter Cattaneo,Comedy|Music,The Rocker ,English,USA,2008,6.2
Vicky Jenson,Comedy|Romance,Post Grad ,English,USA,2009,5.3
Gus Van Sant,Drama,Promised Land ,English,USA,2012,6.6
Woody Allen,Comedy|Romance,Whatever Works ,English,USA,2009,7.2
Mary Lambert,Drama|Mystery|Thriller,The In Crowd ,English,USA,2000,4.6
Tommy Lee Jones,Adventure|Crime|Drama|Mystery|Western,Three Burials ,English,France,2005,7.5
Peter Kassovitz,Drama|War,Jakob the Liar ,English,France,1999,6.5
Shane Black,Comedy|Crime|Mystery,Kiss Kiss Bang Bang ,English,USA,2005,7.6
Rodman Flender,Comedy|Fantasy|Horror|Thriller,Idle Hands ,English,USA,1999,6.2
David Lynch,Drama|Mystery|Thriller,Mulholland Drive ,English,France,2001,8
Katja von Garnier,Drama|Fantasy|Horror|Romance,Blood and Chocolate ,English,USA,2007,5.5
Woody Allen,Comedy|Drama|Romance,You Will Meet a Tall Dark Stranger ,English,USA,2010,6.3
Mark Romanek,Drama|Romance|Sci-Fi,Never Let Me Go ,English,UK,2010,7.2
Brad Anderson,Crime|Drama|Mystery|Thriller,Transsiberian ,English,Spain,2008,6.7
Michael Chapman,Adventure|Drama|Fantasy,The Clan of the Cave Bear ,English,USA,1986,5.3
Antonio Banderas,Comedy|Crime|Drama,Crazy in Alabama ,English,USA,1999,6.3
Michael Haneke,Crime|Drama|Horror|Thriller,Funny Games ,English,USA,2007,6.5
Atom Egoyan,Drama|Thriller,Felicia's Journey ,English,Canada,1999,7
Fritz Lang,Drama|Sci-Fi,Metropolis ,German,Germany,1927,8.3
Pierre Morel,Action|Crime|Thriller,District B13 ,French,France,2004,7.2
Gary Fleder,Crime|Drama,Things to Do in Denver When You're Dead ,English,USA,1995,6.8
Hsiao-Hsien Hou,Action|Drama,The Assassin ,Mandarin,Taiwan,2015,6.4
Gregor Jordan,Comedy|Crime|Drama|Thriller|War,Buffalo Soldiers ,English,UK,2001,6.9
Andrey Zvyagintsev,Drama|Mystery|Thriller,The Return ,Russian,Russia,2003,8
Tony Jaa,Action,Ong-bak 2 ,Thai,Thailand,2008,6.2
Neil Marshall,Action|Adventure|Drama|History|Thriller|War,Centurion ,English,UK,2010,6.4
Ryûhei Kitamura,Fantasy|Horror|Mystery,The Midnight Meat Train ,English,USA,2008,6.1
Dito Montiel,Crime|Drama|Thriller,The Son of No One ,English,USA,2011,5.1
Stefan Ruzowitzky,Action|Comedy|Drama|War,All the Queen's Men ,English,Germany,2001,4.5
Jake Paltrow,Comedy|Drama|Fantasy|Music|Romance,The Good Night ,English,USA,2007,5.9
Harold Ramis,Comedy|Fantasy|Romance,Groundhog Day ,English,USA,1993,8.1
Gregory Jacobs,Comedy|Drama|Music,Magic Mike XXL ,English,USA,2015,5.7
Baz Luhrmann,Drama|Romance,Romeo + Juliet ,English,USA,1996,6.8
Gilles Paquet-Brenner,Drama|War,Sarah's Key ,French,France,2010,7.5
Clint Eastwood,Drama|Western,Unforgiven ,English,USA,1992,8.3
Lars von Trier,Drama,Manderlay ,English,Denmark,2005,7.4
Danny Boyle,Drama|Romance,Slumdog Millionaire ,English,UK,2008,8
Adrian Lyne,Drama|Romance|Thriller,Fatal Attraction ,English,USA,1987,6.9
Garry Marshall,Comedy|Romance,Pretty Woman ,English,USA,1990,6.9
John Cornell,Action|Adventure|Comedy,Crocodile Dundee II ,English,Australia,1988,5.5
Oliver Stone,Biography|Drama|War,Born on the Fourth of July ,English,USA,1989,7.2
Jon Turteltaub,Adventure|Comedy|Family|Sport,Cool Runnings ,English,USA,1993,6.9
Patrick Lussier,Horror|Thriller,My Bloody Valentine ,English,USA,2009,5.5
Ole Bornedal,Horror|Thriller,The Possession ,English,USA,2012,5.9
Sylvain White,Drama|Music|Romance,Stomp the Yard ,English,USA,2007,5.2
Lewis Gilbert,Action|Adventure|Sci-Fi|Thriller,The Spy Who Loved Me ,English,UK,1977,7.1
Jamie Blanks,Horror|Mystery|Thriller,Urban Legend ,English,USA,1998,5.5
Stephen Frears,Drama|Romance,Dangerous Liaisons ,English,USA,1988,7.7
Tyler Perry,Comedy|Drama|Romance,Good Deeds ,English,USA,2012,5.4
Randal Kleiser,Adventure|Drama,White Fang ,English,USA,1991,6.7
Bruce McCulloch,Comedy|Romance,Superstar ,English,USA,1999,5
Phyllida Lloyd,Biography|Drama|History,The Iron Lady ,English,UK,2011,6.4
Mike Nawrocki,Adventure|Animation|Comedy|Drama|Family|Musical,Jonah: A VeggieTales Movie ,English,USA,2002,6.6
John Singleton,Drama|Romance,Poetic Justice ,English,USA,1993,5.9
Kevin Bray,Action|Comedy|Crime|Thriller,All About the Benjamins ,English,USA,2002,5.7
Wes Craven,Comedy|Fantasy|Horror|Romance,Vampire in Brooklyn ,English,USA,1995,4.5
Courtney Solomon,Horror|Mystery|Thriller,An American Haunting ,English,UK,2005,5
David Zucker,Comedy|Romance,My Boss's Daughter ,English,USA,2003,4.6
David Twohy,Adventure|Mystery|Thriller,A Perfect Getaway ,English,USA,2009,6.5
Rick Famuyiwa,Comedy|Romance,Our Family Wedding ,English,USA,2010,4.9
Alan Cohn,Comedy,Dead Man on Campus ,English,USA,1998,6
Franco Zeffirelli,Comedy|Drama|War,Tea with Mussolini ,English,Italy,1999,6.9
Tom Holland,Fantasy|Horror,Thinner ,English,USA,1996,5.7
Spike Lee,Comedy|Drama,Crooklyn ,English,USA,1994,6.9
Chris Rock,Comedy|Drama|Romance,I Think I Love My Wife ,English,USA,2007,5.5
James Isaac,Action|Horror|Sci-Fi|Thriller,Jason X ,English,USA,2001,4.4
Shawn Levy,Adventure|Comedy|Family,Big Fat Liar ,English,USA,2002,5.4
Emilio Estevez,Drama|History,Bobby ,English,USA,2006,7
Mark Waters,Comedy|Mystery|Romance,Head Over Heels ,English,USA,2001,5.4
Josh Schwartz,Adventure|Comedy,Fun Size ,English,USA,2012,5.4
Julian Schnabel,Biography|Drama,The Diving Bell and the Butterfly ,French,France,2007,8
Todd Field,Drama|Romance,Little Children ,English,USA,2006,7.6
Davis Guggenheim,Drama|Mystery|Thriller,Gossip ,English,USA,2000,5.9
Tony Goldwyn,Drama,A Walk on the Moon ,English,USA,1999,6.6
Phillip Noyce,Biography|Drama|History,Catch a Fire ,English,France,2006,6.7
Stephen Carpenter,Drama|Horror|Mystery|Thriller,Soul Survivors ,English,USA,2001,3.9
James Ivory,Biography|Drama|History|Romance,Jefferson in Paris ,English,France,1995,5.7
Stephan Elliott,Comedy|Romance,Easy Virtue ,English,UK,2008,6.7
James Fargo,Action|Adventure|History,Caravans ,English,Iran,1978,6.5
Mike Leigh,Biography|Drama|History,Mr. Turner ,English,UK,2014,6.8
Alain Resnais,Drama|Romance,Wild Grass ,French,France,2009,6.3
Costa-Gavras,Biography|Crime|Drama|War,Amen. ,English,France,2002,7.3
Neil Burger,Comedy|Drama|War,The Lucky Ones ,English,USA,2008,7
Kenneth Lonergan,Drama,Margaret ,English,USA,2011,6.5
Rob Reiner,Comedy|Drama|Romance,Flipped ,English,USA,2010,7.7
Ang Lee,Drama|Romance,Brokeback Mountain ,English,USA,2005,7.7
Jonathan Liebesman,Action|Adventure|Comedy|Sci-Fi,Teenage Mutant Ninja Turtles ,English,USA,2014,5.9
Amy Heckerling,Comedy|Romance,Clueless ,English,USA,1995,6.8
Todd Haynes,Drama|Romance,Far from Heaven ,English,USA,2002,7.4
Steve Pink,Comedy|Sci-Fi,Hot Tub Time Machine 2 ,English,USA,2015,5.1
Philip Kaufman,Biography|Drama,Quills ,English,UK,2000,7.4
Martin McDonagh,Comedy|Crime,Seven Psychopaths ,English,UK,2012,7.2
Kasi Lemmons,Crime|Drama|Music|Mystery|Thriller,The Caveman's Valentine ,English,USA,2001,6
Oliver Hirschbiegel,Biography|Drama|History|War,Downfall ,German,Germany,2004,8.3
Alejandro Amenábar,Biography|Drama|Romance,The Sea Inside ,Spanish,Spain,2004,8.1
Jonathan Glazer,Drama|Horror|Sci-Fi|Thriller,Under the Skin ,English,UK,2013,6.3
Barry Levinson,Biography|Comedy|Drama|War,"Good Morning, Vietnam ",English,USA,1987,7.3
Hyung-rae Shim,Comedy,The Last Godfather ,English,South Korea,2010,3.6
Jon M. Chu,Documentary|Music,Justin Bieber: Never Say Never ,English,USA,2011,1.6
Darren Aronofsky,Drama|Thriller,Black Swan ,English,USA,2010,8
José Padilha,Action|Crime|Sci-Fi|Thriller,RoboCop ,English,USA,2014,6.2
Francis Ford Coppola,Crime|Drama,The Godfather: Part II ,English,USA,1974,9
Thomas Carter,Drama|Music|Romance,Save the Last Dance ,English,USA,2001,6.1
Renny Harlin,Fantasy|Horror|Thriller,A Nightmare on Elm Street 4: The Dream Master ,English,USA,1988,5.7
Patricia Riggen,Drama,Miracles from Heaven ,English,USA,2016,6.8
Danny Leiner,Comedy|Mystery,"Dude, Where's My Car? ",English,USA,2000,5.5
Christopher Cain,Action|Crime|Drama|Thriller|Western,Young Guns ,English,USA,1988,6.8
Theodore Melfi,Comedy|Drama,St. Vincent ,English,USA,2014,7.3
Steve Pink,Comedy|Romance,About Last Night ,English,USA,2014,6.1
Gil Junger,Comedy|Drama|Romance,10 Things I Hate About You ,English,USA,1999,7.2
Ed Decter,Comedy,The New Guy ,English,USA,2002,5.9
Gene Quintano,Action|Comedy|Crime,Loaded Weapon 1 ,English,USA,1993,6.1
Jaume Collet-Serra,Drama|Horror|Thriller,The Shallows ,English,USA,2016,6.8
Eric Bress,Sci-Fi|Thriller,The Butterfly Effect ,English,USA,2004,7.7
Chris Koch,Adventure|Comedy|Family,Snow Day ,English,USA,2000,4.9
Preston A. Whitmore II,Comedy|Drama|Romance,This Christmas ,English,USA,2007,6.1
Bob Clark,Comedy|Crime|Family|Sci-Fi,Baby Geniuses ,English,USA,1999,2.5
Kirk Wong,Action|Comedy|Crime|Thriller,The Big Hit ,English,USA,1998,6.1
Bronwen Hughes,Comedy|Drama|Family,Harriet the Spy ,English,USA,1996,5.9
John Lafia,Fantasy|Horror,Child's Play 2 ,English,USA,1990,5.7
Sam Miller,Crime|Thriller,No Good Deed ,English,USA,2014,5.6
Frank Darabont,Horror,The Mist ,English,USA,2007,7.2
Alex Garland,Drama|Mystery|Sci-Fi|Thriller,Ex Machina ,English,UK,2015,7.7
Spike Jonze,Comedy|Drama|Fantasy,Being John Malkovich ,English,USA,1999,7.8
Mark Brown,Comedy|Romance,Two Can Play That Game ,English,USA,2001,6.1
Dave Green,Adventure|Family|Sci-Fi,Earth to Echo ,English,USA,2014,5.8
John Stockwell,Drama|Romance,Crazy/Beautiful ,English,USA,2001,6.5
Clint Eastwood,Drama|History|War,Letters from Iwo Jima ,Japanese,USA,2006,7.9
Michael Polish,Adventure|Drama|Sci-Fi,The Astronaut Farmer ,English,USA,2006,6.3
Daisy von Scherler Mayer,Comedy|Romance,Woo ,English,USA,1998,3.8
Lenny Abrahamson,Drama,Room ,English,Ireland,2015,8.3
Bob Saget,Comedy,Dirty Work ,English,Canada,1998,6.4
John Waters,Comedy|Crime|Thriller,Serial Mom ,English,USA,1994,6.7
Andrew Fleming,Comedy,Dick ,English,France,1999,6.1
Craig Bolotin,Drama|Thriller,Light It Up ,English,USA,1999,6
Mark Christopher,Drama|Music,54 ,English,USA,1998,5.8
Blair Hayes,Adventure|Comedy|Romance|Sci-Fi,Bubble Boy ,English,USA,2001,5.6
Jez Butterworth,Comedy|Crime|Thriller,Birthday Girl ,English,UK,2001,6.1
Jon Lucas,Comedy,21 & Over ,English,USA,2013,5.9
Olivier Assayas,Comedy|Drama|Romance,"Paris, je t'aime ",French,France,2006,7.3
Rod Lurie,Drama|Sport,Resurrecting the Champ ,English,USA,2007,6.8
Paul Weitz,Comedy|Drama|Romance,Admission ,English,USA,2013,5.7
Patrice Leconte,Drama|Romance,The Widow of Saint-Pierre ,French,France,2000,7.3
Atom Egoyan,Drama|Mystery|Romance|Thriller,Chloe ,English,USA,2009,6.3
Paul Mazursky,Comedy|Crime|Drama,Faithful ,English,USA,1996,5.9
Jim Sheridan,Drama|Thriller,Brothers ,English,USA,2009,7.1
Sidney Lumet,Biography|Comedy|Crime|Drama,Find Me Guilty ,English,Germany,2006,7.1
Stephen Chbosky,Drama|Romance,The Perks of Being a Wallflower ,English,USA,2012,8
Jon Hess,Action,Excessive Force ,English,USA,1993,5.1
Douglas McGrath,Biography|Crime|Drama,Infamous ,English,USA,2006,7.1
Michael Winterbottom,Drama|Romance|Western,The Claim ,English,UK,2000,6.5
Mark Neveldine,Horror|Thriller,The Vatican Tapes ,English,USA,2015,4.5
Joe Cornish,Action|Comedy|Sci-Fi|Thriller,Attack the Block ,English,UK,2011,6.6
Angelina Jolie Pitt,Drama|Romance|War,In the Land of Blood and Honey ,Bosnian,USA,2011,4.3
Brad Anderson,Crime|Thriller,The Call ,English,USA,2013,6.7
John H. Lee,Action|Drama|History|War,Operation Chromite ,English,South Korea,2016,6.8
John Stainton,Action|Adventure|Comedy|Family,The Crocodile Hunter: Collision Course ,English,Australia,2002,5.4
Glenn Ficarra,Biography|Comedy|Crime|Drama|Romance,I Love You Phillip Morris ,English,France,2009,6.6
Denzel Washington,Biography|Drama,Antwone Fisher ,English,USA,2002,7.3
Michael Hoffman,Drama,The Emperor's Club ,English,USA,2002,6.9
Tony Scott,Action|Crime|Drama|Romance|Thriller,True Romance ,English,USA,1993,8
James Foley,Crime|Drama|Mystery,Glengarry Glen Ross ,English,USA,1992,7.8
Michael Winterbottom,Crime|Drama|Thriller,The Killer Inside Me ,English,USA,2010,6.1
Stewart Hendler,Horror|Mystery,Sorority Row ,English,USA,2009,5.1
Craig Gillespie,Comedy|Drama|Romance,Lars and the Real Girl ,English,USA,2007,7.4
Mark Herman,Drama|War,The Boy in the Striped Pajamas ,English,UK,2008,7.8
Lars von Trier,Crime|Drama|Musical,Dancer in the Dark ,English,Denmark,2000,8
Gillian Armstrong,Drama|Romance,Oscar and Lucinda ,English,USA,1997,6.7
Abel Ferrara,Crime|Drama,The Funeral ,English,USA,1996,6.6
Brian Koppelman,Comedy|Drama|Romance,Solitary Man ,English,USA,2009,6.4
Ethan Maniquis,Action|Crime|Thriller,Machete ,English,USA,2010,6.7
George Hickenlooper,Biography|Comedy|Crime|Drama,Casino Jack ,English,Canada,2010,6.2
Don Bluth,Adventure|Animation|Family,The Land Before Time ,English,USA,1988,7.3
Je-kyu Kang,Action|Drama|War,Tae Guk Gi: The Brotherhood of War ,Korean,South Korea,2004,8.1
William Dear,Comedy|Drama|Family|Sport,The Perfect Game ,English,Canada,2009,7
William Friedkin,Horror,The Exorcist ,English,USA,1973,8
Steven Spielberg,Adventure|Drama|Thriller,Jaws ,English,USA,1975,8
Paul Weitz,Comedy,American Pie ,English,USA,1999,7
Stéphane Aubier,Animation|Comedy|Crime|Drama|Family,Ernest & Celestine ,French,France,2012,7.9
Michael Ritchie,Action|Adventure|Comedy|Fantasy|Mystery,The Golden Child ,English,USA,1986,5.9
Tim Story,Comedy|Romance,Think Like a Man ,English,USA,2012,6.6
Tim Story,Comedy|Drama,Barbershop ,English,USA,2002,6.3
Nicholas Meyer,Action|Adventure|Sci-Fi,Star Trek II: The Wrath of Khan ,English,USA,1982,7.7
Tom Shadyac,Comedy,Ace Ventura: Pet Detective ,English,USA,1994,6.9
John Badham,Sci-Fi|Thriller,WarGames ,English,USA,1983,7.1
Peter Weir,Crime|Drama|Romance|Thriller,Witness ,English,USA,1985,7.4
Mike McCoy,Action|Adventure|Drama|Thriller|War,Act of Valor ,English,USA,2012,6.5
Anne Fletcher,Crime|Drama|Music|Romance,Step Up ,English,USA,2006,6.5
Mike Judge,Adventure|Animation|Comedy|Crime,Beavis and Butt-Head Do America ,English,USA,1996,6.8
Quentin Tarantino,Crime|Thriller,Jackie Brown ,English,USA,1997,7.5
Jon Hurwitz,Adventure|Comedy,Harold & Kumar Escape from Guantanamo Bay ,English,USA,2008,6.6
Josh Trank,Drama|Sci-Fi|Thriller,Chronicle ,English,USA,2012,7.1
Barbra Streisand,Drama|Musical|Romance,Yentl ,English,UK,1983,6.6
Terry Gilliam,Adventure|Comedy|Fantasy|Sci-Fi,Time Bandits ,English,UK,1981,7
Tamra Davis,Comedy|Drama,Crossroads ,English,USA,2002,3.3
Nima Nourizadeh,Comedy|Crime,Project X ,English,USA,2012,6.7
Mark Romanek,Drama|Thriller,One Hour Photo ,English,USA,2002,6.8
John Erick Dowdle,Horror|Sci-Fi|Thriller,Quarantine ,English,USA,2008,6
David Moreau,Horror|Mystery,The Eye ,English,USA,2008,5.4
Christopher Erskin,Comedy,Johnson Family Vacation ,English,USA,2004,4.3
Jesse Dylan,Comedy|Fantasy,How High ,English,USA,2001,6.2
Brian Henson,Comedy|Drama|Family|Fantasy|Musical,The Muppet Christmas Carol ,English,USA,1992,7.7
Martin Campbell,Action|Adventure|Thriller,Casino Royale ,English,UK,2006,8
Julie Taymor,Biography|Drama|Romance,Frida ,English,USA,2002,7.4
Dan Cutforth,Documentary|Music,Katy Perry: Part of Me ,English,USA,2012,5.9
Josh Boone,Drama|Romance,The Fault in Our Stars ,English,USA,2014,7.8
John Dahl,Crime|Drama,Rounders ,English,USA,1998,7.4
Chris Rock,Comedy|Romance,Top Five ,English,USA,2014,6.5
David Koepp,Horror|Mystery|Thriller,Stir of Echoes ,English,USA,1999,7
Stephen Frears,Biography|Drama,Philomena ,English,UK,2013,7.6
Mike Binder,Comedy|Drama,The Upside of Anger ,English,USA,2005,6.9
Elizabeth Allen Rosenbaum,Comedy|Family|Fantasy|Romance,Aquamarine ,English,USA,2006,5.3
Jake Schreier,Drama|Mystery|Romance,Paper Towns ,English,USA,2015,6.4
Cheryl Dunye,Comedy,My Baby's Daddy ,English,USA,2004,4.5
Alexander Payne,Adventure|Comedy|Drama,Nebraska ,English,USA,2013,7.8
Ernest R. Dickerson,Action|Fantasy|Horror|Thriller,Tales from the Crypt: Demon Knight ,English,USA,1995,6.7
Tim Hill,Comedy|Crime|Family,Max Keeble's Big Move ,English,USA,2001,5.3
Jason Reitman,Comedy|Drama,Young Adult ,English,USA,2011,6.3
Mark Neveldine,Action|Crime|Thriller,Crank ,English,USA,2006,7
Lionel C. Martin,Comedy,How to Be a Player ,English,USA,1997,5.3
Richard LaGravenese,Comedy|Drama|Romance,Living Out Loud ,English,USA,1998,6.6
Sanaa Hamri,Comedy|Romance|Sport,Just Wright ,English,USA,2010,5.8
Jonathan Demme,Drama|Romance,Rachel Getting Married ,English,USA,2008,6.7
Peter Webber,Biography|Drama|Romance,Girl with a Pearl Earring ,English,UK,2003,7
Wolfgang Petersen,Adventure|Drama|Thriller|War,Das Boot ,German,West Germany,1981,8.4
John Lee Hancock,Drama|History|War|Western,The Alamo ,English,USA,2004,6
Wallace Wolodarsky,Comedy,Sorority Boys ,English,USA,2002,5.4
Richard Curtis,Drama|Fantasy|Romance,About Time ,English,UK,2013,7.8
Yimou Zhang,Action|Adventure|Drama|Romance,House of Flying Daggers ,Mandarin,China,2004,7.6
Nicholas Jarecki,Drama|Thriller,Arbitrage ,English,USA,2012,6.6
Dean Israelite,Sci-Fi|Thriller,Project Almanac ,English,USA,2015,6.4
Darnell Martin,Biography|Drama|Music,Cadillac Records ,English,USA,2008,7
Scott Alexander,Comedy|Crime,Screwed ,English,USA,2000,5.7
Stuart Gordon,Action|Crime|Sci-Fi|Thriller,Fortress ,English,Australia,1992,5.9
Christopher Guest,Comedy,For Your Consideration ,English,USA,2006,6.3
Woody Allen,Comedy|Drama,Celebrity ,English,USA,1998,6.3
Ryan Murphy,Comedy|Drama,Running with Scissors ,English,USA,2006,6.2
Robert Iscove,Comedy|Musical|Romance,From Justin to Kelly ,English,USA,2003,2.1
Spike Lee,Comedy|Drama,Girl 6 ,English,USA,1996,5
Jane Campion,Mystery|Thriller,In the Cut ,English,Australia,2003,5.3
James Gray,Drama|Romance,Two Lovers ,English,USA,2008,7.1
Fred Schepisi,Drama,Last Orders ,English,UK,2001,7
Joon-ho Bong,Comedy|Drama|Horror|Sci-Fi,The Host ,Korean,South Korea,2006,7
Antonia Bird,Fantasy|Horror|Thriller,Ravenous ,English,Czech Republic,1999,7.1
Jon Poll,Comedy|Drama|Romance,Charlie Bartlett ,English,USA,2007,7
Paolo Sorrentino,Drama,The Great Beauty ,Italian,Italy,2013,7.7
Peter Care,Comedy|Drama,The Dangerous Lives of Altar Boys ,English,USA,2002,7.1
Chan-wook Park,Drama|Thriller,Stoker ,English,UK,2013,6.8
Kar-Wai Wong,Drama|Romance|Sci-Fi,2046 ,Cantonese,Hong Kong,2004,7.5
Ira Sachs,Crime|Drama|Romance,Married Life ,English,USA,2007,6.3
Carroll Ballard,Adventure|Drama|Family,Duma ,English,USA,2005,7.3
Neil Jordan,Drama|Mystery|Romance,Ondine ,English,Ireland,2009,6.8
Takeshi Kitano,Crime|Drama|Thriller,Brother ,English,USA,2000,7.2
Anthony Russo,Comedy|Crime,Welcome to Collinwood ,English,USA,2002,6.4
Sidney Lumet,Comedy|Drama,Critical Care ,English,Australia,1997,6
Vadim Perelman,Drama|Mystery|Thriller,The Life Before Her Eyes ,English,USA,2007,6.4
Lawrence Kasdan,Comedy|Drama|Romance,Darling Companion ,English,USA,2012,5.1
Marco Kreuzpaintner,Crime|Drama|Thriller,Trade ,English,Germany,2007,7.5
Lajos Koltai,Drama|Romance|War,Fateless ,Hungarian,Hungary,2005,7.1
Alan Rudolph,Comedy,Breakfast of Champions ,English,USA,1999,4.6
Yimou Zhang,Comedy|Drama,"A Woman, a Gun and a Noodle Shop ",Mandarin,China,2009,5.7
Chuan Lu,Drama|History|War,City of Life and Death ,Mandarin,China,2009,7.7
Tim Johnson,Adventure|Animation|Comedy|Family|Fantasy|Sci-Fi,Home ,English,USA,2015,6.7
Renny Harlin,Action|Drama|War,5 Days of War ,English,Georgia,2011,5.6
Timothy Hines,Drama,10 Days in a Madhouse ,English,USA,2015,7.5
Randall Wallace,Biography|Drama,Heaven Is for Real ,English,USA,2014,5.8
Guy Ritchie,Comedy|Crime,Snatch ,English,UK,2000,8.3
Mary Lambert,Fantasy|Horror,Pet Sematary ,English,USA,1989,6.6
Akira Kurosawa,Drama,Madadayo ,Japanese,Japan,1993,7.5
Joe Dante,Comedy|Fantasy|Horror,Gremlins ,English,USA,1984,7.2
George Lucas,Action|Adventure|Fantasy|Sci-Fi,Star Wars: Episode IV - A New Hope ,English,USA,1977,8.7
Dan Mazer,Comedy,Dirty Grandpa ,English,USA,2016,6
David Lean,Drama|Romance|War,Doctor Zhivago ,English,USA,1965,8
Stephen Daldry,Adventure|Crime|Drama|Mystery|Thriller,Trash ,Portuguese,UK,2014,7.2
Kenny Ortega,Comedy|Drama|Family|Music|Musical|Romance,High School Musical 3: Senior Year ,English,USA,2008,4.5
David O. Russell,Biography|Drama|Sport,The Fighter ,English,USA,2010,7.9
Jeff Tremaine,Action|Comedy|Documentary,Jackass Number Two ,English,USA,2006,7.1
Jonathan Lynn,Comedy|Crime,My Cousin Vinny ,English,USA,1992,7.5
R.J. Cutler,Drama|Fantasy|Music|Romance,If I Stay ,English,USA,2014,6.8
David S. Ward,Comedy|Sport,Major League ,English,USA,1989,7.2
Joel Schumacher,Crime|Thriller,Phone Booth ,English,USA,2002,7.1
Adam Shankman,Drama|Romance,A Walk to Remember ,English,USA,2002,7.4
Tim Robbins,Crime|Drama,Dead Man Walking ,English,UK,1995,7.6
Roger Kumble,Drama|Romance,Cruel Intentions ,English,USA,1999,6.9
Kevin Greutert,Horror|Mystery,Saw VI ,English,Canada,2009,6
Gina Prince-Bythewood,Drama,The Secret Life of Bees ,English,USA,2008,7.3
Rob Pritts,Comedy|Crime,Corky Romano ,English,USA,2001,4.6
Brian De Palma,Crime|Drama|Thriller,Raising Cain ,English,USA,1992,6
Tobe Hooper,Horror|Sci-Fi,Invaders from Mars ,English,USA,1986,5.5
John Crowley,Drama|Romance,Brooklyn ,English,UK,2015,7.5
Brendan Malloy,Comedy|Sport,Out Cold ,English,USA,2001,6.3
Reginald Hudlin,Comedy,The Ladies Man ,English,USA,2000,5.1
Dustin Hoffman,Comedy|Drama,Quartet ,English,UK,2012,6.8
Gregory Poirier,Comedy,Tomcats ,English,USA,2001,5.3
Bill Paxton,Crime|Drama|Thriller,Frailty ,English,USA,2001,7.3
Simon Curtis,Biography|Drama|History,Woman in Gold ,English,UK,2015,7.3
Bill Condon,Biography|Drama,Kinsey ,English,USA,2004,7.1
Sam Raimi,Comedy|Fantasy|Horror,Army of Darkness ,English,USA,1992,7.6
Dewey Nicks,Comedy|Romance,Slackers ,English,Canada,2002,5.3
Lasse Hallström,Drama|Romance,What's Eating Gilbert Grape ,English,USA,1993,7.8
Philip Saville,Biography|Drama|History,The Visual Bible: The Gospel of John ,English,Canada,2003,7.7
Mike Leigh,Crime|Drama,Vera Drake ,English,UK,2004,7.7
Daisy von Scherler Mayer,Comedy|Music|Romance,The Guru ,English,UK,2002,5.4
Mira Nair,Comedy|Drama|Romance,The Perez Family ,English,USA,1995,6.2
Ethan Coen,Drama|Music,Inside Llewyn Davis ,English,USA,2013,7.4
Tim Blake Nelson,Drama|Romance|Thriller,O ,English,USA,2001,6.2
William A. Graham,Adventure|Drama|Romance,Return to the Blue Lagoon ,English,USA,1991,5.1
John Turturro,Comedy|Musical|Romance,Romance & Cigarettes ,English,USA,2005,6.3
Agnieszka Holland,Biography|Drama|Music,Copying Beethoven ,English,USA,2006,6.8
Tobe Hooper,Fantasy|Horror,Poltergeist ,English,USA,1982,7.4
David Hackl,Horror|Mystery,Saw V ,English,USA,2008,5.8
Ray Lawrence,Crime|Drama|Mystery|Thriller,Jindabyne ,English,Australia,2006,6.4
Karan Johar,Drama,Kabhi Alvida Naa Kehna ,Hindi,India,2006,6
Oliver Parker,Comedy|Romance,An Ideal Husband ,English,UK,1999,6.9
Ruairi Robinson,Horror|Sci-Fi|Thriller,The Last Days on Mars ,English,UK,2013,5.5
Jaume Balagueró,Horror,Darkness ,English,USA,2002,5.4
Stanley Kubrick,Adventure|Mystery|Sci-Fi,2001: A Space Odyssey ,English,UK,1968,8.3
Steven Spielberg,Family|Sci-Fi,E.T. the Extra-Terrestrial ,English,USA,1982,7.9
Jon Kasdan,Comedy|Drama|Romance,In the Land of Women ,English,USA,2007,6.5
Floyd Mutrux,Comedy|Drama,There Goes My Baby ,English,USA,1994,6.4
Sajid Khan,Comedy,Housefull ,Hindi,India,2010,5.3
Dean Wright,Drama|History|War,For Greater Glory: The True Story of Cristiada ,Spanish,Mexico,2012,6.6
Gus Van Sant,Drama,Good Will Hunting ,English,USA,1997,8.3
Darren Lynn Bousman,Horror|Mystery,Saw III ,English,USA,2006,6.2
Ivan Reitman,Action|Comedy|War,Stripes ,English,USA,1981,6.9
Peyton Reed,Comedy|Sport,Bring It On ,English,USA,2000,5.9
James DeMonaco,Action|Horror|Sci-Fi|Thriller,The Purge: Election Year ,English,France,2016,6.1
Robert Iscove,Comedy|Romance,She's All That ,English,USA,1999,5.8
Lee Daniels,Drama,Precious ,English,USA,2009,7.3
Darren Lynn Bousman,Horror|Mystery,Saw IV ,English,USA,2007,5.9
Geoffrey Sax,Drama|Horror|Mystery|Thriller,White Noise ,English,UK,2005,5.5
Tyler Perry,Comedy|Drama|Romance,Madea's Family Reunion ,English,USA,2006,5
Martin Scorsese,Drama|Sport,The Color of Money ,English,USA,1986,7
Stephen Herek,Comedy|Drama|Family|Sport,The Mighty Ducks ,English,USA,1992,6.4
Takashi Shimizu,Horror|Mystery|Thriller,The Grudge ,English,USA,2004,5.9
Dennis Dugan,Comedy|Sport,Happy Gilmore ,English,USA,1996,7
Victor Salva,Horror|Mystery,Jeepers Creepers ,English,Germany,2001,6.1
Stephen Herek,Adventure|Comedy|Music|Sci-Fi,Bill & Ted's Excellent Adventure ,English,USA,1989,6.9
Carol Reed,Drama|Family|Musical,Oliver! ,English,UK,1968,7.5
John Madden,Comedy|Drama,The Best Exotic Marigold Hotel ,English,UK,2011,7.3
Chuck Sheetz,Animation|Comedy|Family|Mystery|Sci-Fi,Recess: School's Out ,English,USA,2001,6.5
George Miller,Action|Adventure|Sci-Fi|Thriller,Mad Max Beyond Thunderdome ,English,Australia,1985,6.2
William Brent Bell,Horror|Mystery|Thriller,The Boy ,English,USA,2016,6
John Erick Dowdle,Horror|Mystery|Thriller,Devil ,English,USA,2010,6.3
Marcus Raboy,Comedy|Drama,Friday After Next ,English,USA,2002,5.8
Leigh Whannell,Fantasy|Horror|Thriller,Insidious: Chapter 3 ,English,Canada,2015,6.1
Michael Schultz,Action|Comedy|Drama|Music,The Last Dragon ,English,USA,1985,6.9
Guy Ritchie,Comedy|Crime,Snatch ,English,UK,2000,8.3
Brett Leonard,Horror|Sci-Fi,The Lawnmower Man ,English,UK,1992,5.4
Peter Sollett,Comedy|Drama|Music|Romance,Nick and Norah's Infinite Playlist ,English,USA,2008,6.7
Kevin Smith,Adventure|Comedy|Drama|Fantasy,Dogma ,English,USA,1999,7.4
Bob Dolman,Comedy|Drama,The Banger Sisters ,English,USA,2002,5.6
Joe Dante,Fantasy|Horror|Sci-Fi,Twilight Zone: The Movie ,English,USA,1983,6.5
Rowdy Herrington,Action|Thriller,Road House ,English,USA,1989,6.5
Keenen Ivory Wayans,Action|Comedy|Crime,A Low Down Dirty Shame ,English,USA,1994,5.8
John Polson,Drama|Thriller,Swimfan ,English,USA,2002,5
Greg Coolidge,Comedy|Romance,Employee of the Month ,English,USA,2006,5.5
Harry Elfont,Comedy|Romance,Can't Hardly Wait ,English,USA,1998,6.5
Francis Ford Coppola,Crime|Drama,The Outsiders ,English,USA,1983,7.2
Ciarán Foy,Horror|Mystery|Thriller,Sinister 2 ,English,USA,2015,5.2
Salim Akil,Drama|Music,Sparkle ,English,USA,2012,5.7
Jamie Blanks,Horror|Mystery|Thriller,Valentine ,English,USA,2001,4.7
Olatunde Osunsanmi,Mystery|Sci-Fi|Thriller,The Fourth Kind ,English,USA,2009,5.9
Robert Altman,Comedy|Drama|Music,A Prairie Home Companion ,English,USA,2006,6.8
Leon Ichaso,Drama|Thriller,Sugar Hill ,English,USA,1993,5.9
Malcolm D. Lee,Comedy|Drama|Music|Romance,Roll Bounce ,English,USA,2005,6
Wes Anderson,Comedy|Drama,Rushmore ,English,USA,1998,7.7
Colin Strause,Action|Sci-Fi|Thriller,Skyline ,English,USA,2010,4.4
John Madden,Comedy|Drama,The Second Best Exotic Marigold Hotel ,English,UK,2015,6.6
Patricia Rozema,Drama|Family,Kit Kittredge: An American Girl ,English,USA,2008,6.7
Mark Rosman,Comedy|Family|Romance,The Perfect Man ,English,USA,2005,5.5
Spike Lee,Drama|Music|Romance,Mo' Better Blues ,English,USA,1990,6.5
Steve Oedekerk,Action|Comedy,Kung Pow: Enter the Fist ,English,USA,2002,6.2
Ron Underwood,Comedy|Horror|Sci-Fi,Tremors ,English,USA,1990,7.1
Rob Schmidt,Horror|Thriller,Wrong Turn ,English,USA,2003,6.1
James Foley,Action|Crime|Drama|Mystery|Thriller,The Corruptor ,English,USA,1999,6
Jeff Nichols,Drama,Mud ,English,USA,2012,7.4
Robert Ben Garant,Comedy|Crime,Reno 911!: Miami ,English,USA,2007,5.9
Morgan Spurlock,Documentary|Music,One Direction: This Is Us ,English,USA,2013,4.1
Neal Brennan,Comedy,"The Goods: Live Hard, Sell Hard ",English,USA,2009,5.8
Tuck Tucker,Adventure|Animation|Comedy|Family,Hey Arnold! The Movie ,English,USA,2002,5.9
Simon Curtis,Biography|Drama,My Week with Marilyn ,English,UK,2011,7
Richard Shepard,Comedy|Crime|Drama|Thriller,The Matador ,English,USA,2005,6.8
Theodore Witcher,Drama|Romance,Love Jones ,English,USA,1997,7.4
Joel Edgerton,Mystery|Thriller,The Gift ,English,USA,2015,7.1
Jim Hanon,Adventure|Drama,End of the Spear ,English,USA,2005,7
Tommy O'Haver,Comedy|Romance,Get Over It ,English,USA,2001,5.8
Mike Judge,Comedy,Office Space ,English,USA,1999,7.8
Michael Patrick Jann,Comedy|Romance|Thriller,Drop Dead Gorgeous ,English,Germany,1999,6.5
Tim Burton,Biography|Crime|Drama|Romance,Big Eyes ,English,USA,2014,7
Peter Berg,Comedy|Crime|Thriller,Very Bad Things ,English,USA,1998,6.3
Joe Nussbaum,Comedy|Romance,Sleepover ,English,USA,2004,5.3
Jorma Taccone,Action|Comedy|Romance,MacGruber ,English,USA,2010,5.5
Stephen Frears,Crime|Drama|Thriller,Dirty Pretty Things ,English,UK,2002,7.4
Elizabeth Banks,Comedy,Movie 43 ,English,USA,2013,4.3
Florian Henckel von Donnersmarck,Action|Romance|Thriller,The Tourist ,English,USA,2010,6
Jeff Lowell,Comedy|Fantasy|Romance,Over Her Dead Body ,English,USA,2008,5.2
Lorene Scafaria,Adventure|Comedy|Drama|Romance|Sci-Fi,Seeking a Friend for the End of the World ,English,USA,2012,6.7
Miguel Arteta,Comedy,Cedar Rapids ,English,USA,2011,6.3
Tony Kaye,Crime|Drama,American History X ,English,USA,1998,8.6
Marcus Dunstan,Action|Horror|Thriller,The Collection ,English,USA,2012,6.1
Timothy Björklund,Animation|Comedy|Family|Fantasy|Musical,Teacher's Pet ,English,USA,2004,5.8
François Girard,Drama|Music|Mystery|Romance,The Red Violin ,French,Canada,1998,7.7
David Lynch,Biography|Drama,The Straight Story ,English,France,1999,8
Scott Kalvert,Action|Crime|Drama,Deuces Wild ,English,USA,2002,5.6
Jason Bateman,Comedy|Drama,Bad Words ,English,USA,2013,6.7
David Schwimmer,Comedy|Romance|Sport,"Run, Fatboy, Run ",English,UK,2007,6.6
Mike Binder,Drama,Black or White ,English,USA,2014,6.6
Eric Bross,Comedy|Family|Romance,On the Line ,English,USA,2001,4.1
Werner Herzog,Adventure|Biography|Drama|War,Rescue Dawn ,English,USA,2006,7.3
Dan Fogelman,Comedy|Drama|Music,Danny Collins ,English,USA,2015,7.1
Jay Duplass,Comedy|Drama,"Jeff, Who Lives at Home ",English,USA,2011,6.5
Luca Guadagnino,Drama|Romance,I Am Love ,Italian,Italy,2009,7
John Putch,Drama|Mystery|Sci-Fi,Atlas Shrugged II: The Strike ,English,USA,2012,5.5
Peter Medak,Action|Crime|Drama|Thriller,Romeo Is Bleeding ,English,UK,1993,6.6
Steven Soderbergh,Crime|Drama|Mystery|Thriller,The Limey ,English,USA,1999,7.1
Paul Haggis,Crime|Drama|Thriller,Crash ,English,Germany,2004,7.9
Terence Davies,Drama|Romance,The House of Mirth ,English,UK,2000,7.1
Harley Cokeliss,Action|Drama|Thriller,Malone ,English,USA,1987,5.6
Victor Salva,Drama|Romance|Sport,Peaceful Warrior ,English,Germany,2006,7.3
Tom Brady,Comedy,Bucky Larson: Born to Be a Star ,English,USA,2011,3.3
Spike Lee,Comedy|Drama|Music,Bamboozled ,English,USA,2000,6.5
Jason Zada,Horror|Mystery|Thriller,The Forest ,English,USA,2016,4.8
Franklin J. Schaffner,Adventure|Mystery|Thriller,Sphinx ,English,USA,1981,5.2
Noah Baumbach,Comedy|Drama,While We're Young ,English,USA,2014,6.3
Chris Weitz,Drama|Romance,A Better Life ,English,USA,2011,7.2
David Cronenberg,Drama|Mystery|Thriller,Spider ,English,Canada,2002,6.8
Eric Blakeney,Comedy|Crime|Romance,Gun Shy ,English,USA,2000,5.7
Douglas McGrath,Drama|Romance,Nicholas Nickleby ,English,UK,2002,7.2
Ariel Vromen,Biography|Crime|Drama,The Iceman ,English,USA,2012,6.9
John Waters,Comedy|Crime|Thriller,Cecil B. DeMented ,English,France,2000,6.2
William Friedkin,Crime|Drama|Romance|Thriller,Killer Joe ,English,USA,2011,6.7
Derrick Borte,Comedy|Drama,The Joneses ,English,USA,2009,6.5
Richard Kwietniowski,Crime|Drama|Thriller,Owning Mahowny ,English,Canada,2003,7.2
Bob Odenkirk,Comedy,The Brothers Solomon ,English,USA,2007,5.3
Kar-Wai Wong,Drama|Romance,My Blueberry Nights ,English,Hong Kong,2007,6.7
John Turturro,Drama,Illuminata ,English,Spain,1998,6.2
Guy Ritchie,Comedy|Romance,Swept Away ,English,UK,2002,3.6
Joshua Seftel,Action|Comedy|Thriller,"War, Inc. ",English,USA,2008,5.7
Stephen Chow,Action|Comedy|Sport,Shaolin Soccer ,Cantonese,Hong Kong,2001,7.3
Vincent Gallo,Drama,The Brown Bunny ,English,USA,2003,5
Claude Chabrol,Comedy|Crime|Thriller,The Swindle ,French,France,1997,6.6
Jon Stewart,Biography|Drama,Rosewater ,English,USA,2014,6.6
Bigas Luna,Drama|Romance,The Chambermaid on the Titanic ,French,France,1997,6.8
Ralph Fiennes,Drama|Thriller|War,Coriolanus ,English,UK,2011,6.2
Dan Harris,Comedy|Drama,Imaginary Heroes ,English,USA,2004,7.3
Mel Smith,Action|Comedy|Drama,High Heels and Low Lifes ,English,UK,2001,6.2
Bobcat Goldthwait,Comedy|Drama,World's Greatest Dad ,English,USA,2009,6.9
Christopher Smith,Comedy|Horror|Thriller,Severance ,English,UK,2006,6.6
Stuart Gordon,Drama|Thriller,Edmond ,English,USA,2005,6.3
Jake Scott,Drama,Welcome to the Rileys ,English,UK,2010,7
Alan Metter,Comedy|Crime,Police Academy: Mission to Moscow ,English,USA,1994,3.3
Jeb Stuart,Drama,Blood Done Sign My Name ,English,USA,2010,6.7
Rafa Lara,Drama|History|War,"Cinco de Mayo, La Batalla ",Spanish,Mexico,2013,6.2
Arthur Hiller,Comedy,An Alan Smithee Film: Burn Hollywood Burn ,English,USA,1997,3.5
Michael Meredith,Comedy|Drama,The Open Road ,English,USA,2009,5.5
Julio DePietro,Comedy|Romance,The Good Guy ,English,USA,2009,5.9
Katherine Dieckmann,Comedy|Drama,Motherhood ,English,USA,2009,4.7
William Dear,Drama,Free Style ,English,Canada,2008,4.2
Scott Marshall,Comedy|Romance,Blonde Ambition ,English,USA,2007,3.9
Álex de la Iglesia,Crime|Mystery|Thriller,The Oxford Murders ,English,Spain,2008,6.1
Michael Clancy,Comedy|Drama,Eulogy ,English,USA,2004,6.7
Benedikt Erlingsson,Comedy|Drama|Romance,Of Horses and Men ,Icelandic,Iceland,2013,6.9
Jee-woon Kim,Action|Adventure|Comedy|Western,"The Good, the Bad, the Weird ",Korean,South Korea,2008,7.3
Greg Mottola,Comedy|Drama|Romance,Adventureland ,English,USA,2009,6.8
Andy Garcia,Drama|Romance,The Lost City ,English,USA,2005,6.7
Steve Carr,Comedy,Next Friday ,English,USA,2000,6.1
Lewis Gilbert,Action|Adventure|Thriller,You Only Live Twice ,English,UK,1967,6.9
Michael Haneke,Drama|Romance,Amour ,French,France,2012,7.9
Gary Sherman,Horror|Thriller,Poltergeist III ,English,USA,1988,4.5
Stanley Kramer,Action|Adventure|Comedy|Crime,"It's a Mad, Mad, Mad, Mad World ",English,USA,1963,7.6
Pedro Almodóvar,Comedy|Crime|Drama|Mystery,Volver ,Spanish,Spain,2006,7.6
Jared Hess,Adventure|Comedy|Sci-Fi,Gentlemen Broncos ,English,USA,2009,6.1
Richard Loncraine,Drama|War,Richard III ,English,UK,1995,7.5
Anurag Basu,Action|Drama|Romance|Thriller,Kites ,English,India,2010,6
Lars von Trier,Drama|Sci-Fi,Melancholia ,English,Denmark,2011,7.1
Yash Chopra,Drama|Romance,Jab Tak Hai Jaan ,Hindi,India,2012,6.9
Ridley Scott,Horror|Sci-Fi,Alien ,English,UK,1979,8.5
Tobe Hooper,Horror|Thriller,The Texas Chain Saw Massacre ,English,USA,1974,7.5
Floria Sigismondi,Biography|Drama|Music,The Runaways ,English,USA,2010,6.6
Norman Jewison,Drama|Family|Musical|Romance,Fiddler on the Roof ,English,USA,1971,8
Terence Young,Action|Adventure|Thriller,Thunderball ,English,UK,1965,7
F. Gary Gray,Action|Crime|Drama|Romance|Thriller,Set It Off ,English,USA,1996,6.8
Malcolm D. Lee,Comedy|Drama,The Best Man ,English,USA,1999,6.7
Tom Holland,Fantasy|Horror,Child's Play ,English,USA,1988,6.5
Michael Moore,Documentary|Drama,Sicko ,English,USA,2007,8
James DeMonaco,Action|Horror|Sci-Fi|Thriller,The Purge: Anarchy ,English,USA,2014,6.5
Kris Isacsson,Comedy|Drama|Romance,Down to You ,English,USA,2000,4.9
Danny Leiner,Adventure|Comedy,Harold & Kumar Go to White Castle ,English,USA,2004,7.1
Rod Lurie,Drama|Thriller,The Contender ,English,USA,2000,7
Ben Younger,Crime|Drama|Thriller,Boiler Room ,English,USA,2000,7
John Landis,Comedy,Trading Places ,English,USA,1983,7.5
Glen Morgan,Horror,Black Christmas ,English,USA,2006,4.5
Daniel Taplitz,Comedy|Romance,Breakin' All the Rules ,English,USA,2004,5.5
Kenneth Branagh,Action|Biography|Drama|History|Romance|War,Henry V ,English,UK,1989,7.7
Tamara Jenkins,Comedy|Drama,The Savages ,English,USA,2007,7.2
Linda Mendoza,Comedy|Romance,Chasing Papi ,English,USA,2003,4.8
Christopher McQuarrie,Action|Crime|Drama|Thriller,The Way of the Gun ,English,USA,2000,6.7
Burr Steers,Comedy|Drama,Igby Goes Down ,English,USA,2002,7
Hart Bochner,Comedy,PCU ,English,USA,1994,6.5
Michael O. Sajbel,Drama|Family|Romance,The Ultimate Gift ,English,USA,2006,7.4
Davis Guggenheim,Biography|Drama|Sport,Gracie ,English,USA,2007,6.2
Bart Freundlich,Comedy|Drama|Romance,Trust the Man ,English,USA,2005,5.7
Andrew Fleming,Comedy|Music,Hamlet 2 ,English,USA,2008,6.4
Todd Haynes,Drama|Music,Velvet Goldmine ,English,UK,1998,7
Hong-jin Na,Fantasy|Horror|Mystery|Thriller,The Wailing ,Korean,South Korea,2016,7.7
Kevin Tancharoen,Documentary|Music,Glee: The 3D Concert Movie ,English,USA,2011,5.4
Chatrichalerm Yukol,Action|Adventure|Drama|History|War,The Legend of Suriyothai ,Thai,Thailand,2001,6.6
Dario Argento,Horror,Two Evil Eyes ,English,Italy,1990,6.1
Mike Leigh,Drama,All or Nothing ,English,UK,2002,7.6
Marc Forby,Drama,Princess Kaiulani ,English,USA,2009,6.2
Peter Cattaneo,Drama|Family,Opal Dream ,English,Australia,2006,6.6
Ole Christian Madsen,Drama|History|Thriller|War,Flame and Citron ,Danish,Denmark,2008,7.3
Meiert Avis,Comedy|Music|Romance,Undiscovered ,English,Germany,2005,4.2
André Téchiné,Drama,The Girl on the Train ,French,France,2009,6
Peter Faiman,Adventure|Comedy,Crocodile Dundee ,English,Australia,1986,6.5
Maïwenn,Crime|Drama,Polisse ,French,France,2011,7.3
Joby Harold,Crime|Mystery|Thriller,Awake ,English,USA,2007,6.5
Ekachai Uekrongtham,Action|Crime|Thriller,Skin Trade ,English,Thailand,2014,5.7
Joel Schumacher,Comedy|Fantasy|Horror,The Lost Boys ,English,USA,1987,7.2
Scott Cooper,Drama|Music|Romance,Crazy Heart ,English,USA,2009,7.3
Mark Rydell,Drama|Music|Romance,The Rose ,English,USA,1979,6.9
David E. Talbert,Comedy,Baggage Claim ,English,USA,2013,5
Alexander Payne,Comedy|Drama,Election ,English,USA,1999,7.3
Mira Nair,Drama,The Namesake ,English,USA,2006,7.6
Ari Sandel,Comedy,The DUFF ,English,USA,2015,6.5
Vondie Curtis-Hall,Drama|Music|Romance,Glitter ,English,USA,2001,2.1
Jane Campion,Biography|Drama|Romance,Bright Star ,English,UK,2009,7
Karan Johar,Adventure|Drama|Thriller,My Name Is Khan ,Hindi,India,2010,8
Herbert Ross,Drama|Music|Romance,Footloose ,English,USA,1984,6.5
J.C. Chandor,Action|Adventure|Drama,All Is Lost ,English,USA,2013,6.9
John Sayles,Adventure|Drama|Thriller,Limbo ,English,USA,1999,7.1
Vipul Amrutlal Shah,Comedy|Drama|Romance,Namastey London ,Hindi,India,2007,7.3
Ken Loach,Drama|War,The Wind That Shakes the Barley ,English,Ireland,2006,7.5
Ayan Mukerji,Comedy|Drama|Musical|Romance,Yeh Jawaani Hai Deewani ,Hindi,India,2013,6.9
John G. Avildsen,Action|Drama|Family|Sport,The Karate Kid ,English,USA,1984,7.2
Darren Lynn Bousman,Horror|Musical|Sci-Fi,Repo! The Genetic Opera ,English,USA,2008,6.7
Quentin Tarantino,Crime|Drama,Pulp Fiction ,English,USA,1994,8.9
James Frawley,Adventure|Comedy|Family|Musical,The Muppet Movie ,English,UK,1979,7.7
Dan Gilroy,Crime|Drama|Thriller,Nightcrawler ,English,USA,2014,7.9
Jay Chandrasekhar,Comedy|Horror|Thriller,Club Dread ,English,USA,2004,5.6
Robert Wise,Biography|Drama|Family|Musical|Romance,The Sound of Music ,English,USA,1965,8
Ron Howard,Comedy|Fantasy|Romance,Splash ,English,USA,1984,6.2
Jonathan Dayton,Comedy|Drama,Little Miss Sunshine ,English,USA,2006,7.9
Rob Reiner,Adventure|Drama,Stand by Me ,English,USA,1986,8.1
Danny Boyle,Drama|Horror|Sci-Fi|Thriller,28 Days Later... ,English,UK,2002,7.6
Chris Stokes,Drama|Music,You Got Served ,English,USA,2004,3.5
Don Siegel,Biography|Crime|Drama,Escape from Alcatraz ,English,USA,1979,7.6
Rick Famuyiwa,Comedy|Drama|Music|Romance,Brown Sugar ,English,USA,2002,6.5
Martin Lawrence,Comedy|Crime|Drama|Romance|Thriller,A Thin Line Between Love and Hate ,English,USA,1996,5.6
Jonathan Levine,Comedy|Drama|Romance,50/50 ,English,USA,2011,7.7
Masayuki Ochiai,Horror|Mystery|Thriller,Shutter ,English,USA,2008,5.2
Tom Gormican,Comedy|Romance,That Awkward Moment ,English,USA,2014,6.1
Kenneth Branagh,Comedy|Drama|Romance,Much Ado About Nothing ,English,UK,1993,7.4
Peter R. Hunt,Action|Adventure|Thriller,On Her Majesty's Secret Service ,English,UK,1969,6.8
Wes Craven,Fantasy|Horror|Mystery|Thriller,New Nightmare ,English,USA,1994,6.4
John Schultz,Comedy|Drama|Romance,Drive Me Crazy ,English,USA,1999,5.7
Doug Atchison,Drama,Akeelah and the Bee ,English,USA,2006,7.5
Tamra Davis,Comedy|Crime,Half Baked ,English,USA,1998,6.7
Jonas Elmer,Comedy|Romance,New in Town ,English,USA,2009,5.6
Stephen Gaghan,Drama|Thriller,Syriana ,English,USA,2005,7
Mary Harron,Crime|Drama,American Psycho ,English,USA,2000,7.6
Miguel Arteta,Drama|Romance,The Good Girl ,English,USA,2002,6.5
Troy Duffy,Action|Crime|Thriller,The Boondock Saints II: All Saints Day ,English,USA,2009,6.3
Nicole Holofcener,Comedy|Drama|Romance,Enough Said ,English,USA,2013,7.1
Will Gluck,Comedy|Romance,Easy A ,English,USA,2010,7.1
Matty Rich,Comedy|Drama|Romance,The Inkwell ,English,USA,1994,6.5
E. Elias Merhige,Drama|Horror,Shadow of the Vampire ,English,UK,2000,6.9
Joe Nussbaum,Comedy|Drama,Prom ,English,USA,2011,5.4
Steve Rash,Comedy,Held Up ,English,USA,1999,5.1
Fina Torres,Comedy|Fantasy|Romance,Woman on Top ,English,USA,2000,5.3
James Ivory,Drama|Romance,Howards End ,English,UK,1992,7.5
Duke Johnson,Animation|Comedy|Drama|Romance,Anomalisa ,English,USA,2015,7.3
Mike Leigh,Comedy|Drama,Another Year ,English,UK,2010,7.3
François Ozon,Comedy|Crime|Musical|Romance,8 Women ,French,France,2002,7.1
Mark L. Lester,Action|Comedy|Crime|Thriller,Showdown in Little Tokyo ,English,USA,1991,6
David Dobkin,Comedy|Crime,Clay Pigeons ,English,Germany,1998,6.6
Anna Boden,Comedy|Drama|Romance,It's Kind of a Funny Story ,English,USA,2010,7.2
Nigel Cole,Biography|Comedy|Drama|History,Made in Dagenham ,English,UK,2010,7.2
Anand Tucker,Biography|Drama,When Did You Last See Your Father? ,English,UK,2007,6.9
Steve James,Biography|Drama|Romance|Sport,Prefontaine ,English,USA,1997,6.8
Tomm Moore,Adventure|Animation|Family|Fantasy,The Secret of Kells ,English,France,2009,7.7
John Carney,Drama|Music,Begin Again ,English,USA,2013,7.4
David Jacobson,Drama|Romance|Thriller,Down in the Valley ,English,USA,2005,6.5
Michael Corrente,Crime|Drama,Brooklyn Rules ,English,USA,2007,6.4
Keith Gordon,Comedy|Crime|Musical|Mystery,The Singing Detective ,English,USA,2003,5.6
David Leland,Drama|Romance|War,The Land Girls ,English,UK,1998,6.3
Andrew Currie,Comedy|Drama|Horror|Sci-Fi,Fido ,English,Canada,2006,6.8
Andrew Wilson,Comedy|Drama|Romance,The Wendell Baker Story ,English,USA,2005,5.5
Jonathan Lynn,Action|Comedy|Crime,Wild Target ,English,UK,2010,6.9
Marc Schölermann,Crime|Horror|Thriller,Pathology ,English,USA,2008,6
Robert Moresco,Crime|Drama|Thriller,10th & Wolf ,English,USA,2006,6.4
Thomas Vinterberg,Comedy|Crime|Drama|Romance,Dear Wendy ,English,Italy,2004,6.6
Claudia Llosa,Drama,Aloft ,English,Spain,2014,5.3
Katsuhiro Ôtomo,Action|Animation|Sci-Fi,Akira ,Japanese,Japan,1988,8.1
Dennie Gordon,Action|Adventure|Comedy|Romance,My Lucky Star ,Chinese,China,2013,5.1
Ol Parker,Comedy|Drama|Romance,Imagine Me & You ,English,UK,2005,6.9
François Ozon,Crime|Drama|Mystery|Thriller,Swimming Pool ,English,France,2003,6.8
David Webb Peoples,Action|Sci-Fi|Sport,The Blood of Heroes ,English,Australia,1989,6.5
Bruce Beresford,Comedy|Drama|Family,Driving Miss Daisy ,English,USA,1989,7.4
George Tillman Jr.,Comedy|Drama,Soul Food ,English,USA,1997,6.9
Stanley Tong,Action|Comedy,Rumble in the Bronx ,Cantonese,Hong Kong,1995,6.7
Jason Reitman,Comedy|Drama,Thank You for Smoking ,English,USA,2005,7.6
Eli Roth,Horror,Hostel: Part II ,English,USA,2007,5.4
Lone Scherfig,Drama,An Education ,English,UK,2009,7.3
Anand Tucker,Drama|Romance,Shopgirl ,English,USA,2005,6.4
Tony Richardson,Comedy|Drama|Romance,The Hotel New Hampshire ,English,UK,1984,6
Joe Carnahan,Crime|Drama|Mystery|Thriller,Narc ,English,USA,2002,7.2
Paul Gross,Comedy|Drama|Romance|Sport,Men with Brooms ,English,Canada,2002,6
Charles Robert Carner,Comedy|Crime,Witless Protection ,English,USA,2008,3.1
Russell Holt,Drama|Romance,The Work and the Glory ,English,USA,2004,6.9
Mike Judge,Comedy|Crime|Romance,Extract ,English,USA,2009,6.2
Larry Charles,Comedy|Drama|Music,Masked and Anonymous ,English,USA,2003,5.5
Claude Miller,Comedy|Crime|Drama|Romance|Thriller,Alias Betty ,French,France,2001,6.9
Michael Winterbottom,Drama|Romance|Sci-Fi|Thriller,Code 46 ,English,UK,2003,6.3
Paul Haggis,Crime|Drama|Thriller,Crash ,English,Germany,2004,7.9
Rodrigo García,Drama,Albert Nobbs ,English,UK,2011,6.7
Siddharth Anand,Comedy|Family|Romance,Ta Ra Rum Pum ,Hindi,USA,2007,5.4
Vincent Paronnaud,Animation|Biography|Drama|War,Persepolis ,French,France,2007,8
Nicolas Winding Refn,Horror|Thriller,The Neon Demon ,English,France,2016,7
Daniel Barber,Action|Crime|Drama|Thriller,Harry Brown ,English,UK,2009,7.2
Sam Raimi,Action|Adventure|Romance,Spider-Man 3 ,English,USA,2007,6.2
Robert Marcarelli,Action|Adventure|Fantasy|Sci-Fi|Thriller,The Omega Code ,English,USA,1999,3.5
Jason Reitman,Comedy|Drama|Romance,Juno ,English,USA,2007,7.5
Guy Hamilton,Action|Adventure|Thriller,Diamonds Are Forever ,English,UK,1971,6.7
Francis Ford Coppola,Crime|Drama,The Godfather ,English,USA,1972,9.2
Adrian Lyne,Drama|Music|Romance,Flashdance ,English,USA,1983,6.1
Marc Webb,Comedy|Drama|Romance,500 Days of Summer ,English,USA,2009,7.7
Jane Campion,Drama|Music|Romance,The Piano ,English,New Zealand,1993,7.6
Steven Soderbergh,Comedy|Drama,Magic Mike ,English,USA,2012,6.1
Jonathan Liebesman,Horror|Mystery|Thriller,Darkness Falls ,English,USA,2003,4.9
Guy Hamilton,Action|Adventure|Thriller,Live and Let Die ,English,UK,1973,6.8
Jay Russell,Drama|Family|Sport,My Dog Skip ,English,USA,2000,7
Adam Brooks,Comedy|Drama|Romance,"Definitely, Maybe ",English,Germany,2008,7.2
Salim Akil,Comedy|Drama,Jumping the Broom ,English,USA,2011,5.7
Baz Luhrmann,Drama|Romance,The Great Gatsby ,English,Australia,2013,7.3
George Clooney,Biography|Drama|History,"Good Night, and Good Luck. ",English,USA,2005,7.5
Bennett Miller,Biography|Crime|Drama,Capote ,English,Canada,2005,7.4
Robert Rodriguez,Action|Crime|Thriller,Desperado ,English,USA,1995,7.2
Michael Winterbottom,Drama|Romance|Western,The Claim ,English,UK,2000,6.5
Michael Anderson,Action|Adventure|Sci-Fi,Logan's Run ,English,USA,1976,6.8
Guy Hamilton,Action|Adventure|Thriller,The Man with the Golden Gun ,English,UK,1974,6.8
Craig R. Baxley,Action|Comedy|Crime|Thriller,Action Jackson ,English,USA,1988,5.2
Neil Marshall,Adventure|Horror|Thriller,The Descent ,English,UK,2005,7.2
Don Kempf,Documentary|Sport,Michael Jordan to the Max ,English,USA,2000,7.5
Matt Bettinelli-Olpin,Horror|Mystery,Devil's Due ,English,USA,2014,4
David O. Russell,Comedy,Flirting with Disaster ,English,USA,1996,6.8
Rob Zombie,Crime|Horror,The Devil's Rejects ,English,USA,2005,6.9
Rick Famuyiwa,Comedy|Crime|Drama,Dope ,English,USA,2015,7.3
Michael Rymer,Crime|Drama|Thriller,In Too Deep ,English,USA,1999,6.1
Sam Mendes,Action|Adventure|Thriller,Skyfall ,English,UK,2012,7.8
Rob Zombie,Horror,House of 1000 Corpses ,English,USA,2003,6
Ethan Coen,Comedy|Drama,A Serious Man ,English,USA,2009,7
Aaron Schneider,Drama|Mystery,Get Low ,English,USA,2009,7.1
Steve Miner,Action|Fantasy|Horror|Thriller,Warlock ,English,USA,1989,6.2
Gina Prince-Bythewood,Drama|Music,Beyond the Lights ,English,USA,2014,6.9
Tom Ford,Drama|Romance,A Single Man ,English,USA,2009,7.6
Martin Scorsese,Drama,The Last Temptation of Christ ,English,USA,1988,7.6
Michael Corrente,Comedy|Drama|Romance,Outside Providence ,English,USA,1999,6.4
Gurinder Chadha,Comedy|Drama|Musical|Romance,Bride & Prejudice ,English,UK,2004,6.2
Phillip Noyce,Adventure|Biography|Drama|History,Rabbit-Proof Fence ,Aboriginal,Australia,2002,7.5
Don Michael Paul,Comedy|Sport,Who's Your Caddy? ,English,USA,2007,2
Tony Maylam,Action|Crime|Horror|Sci-Fi|Thriller,Split Second ,English,UK,1992,6.2
Mitch Davis,Adventure|Biography|Drama,The Other Side of Heaven ,English,USA,2001,6.5
Yash Chopra,Drama|Musical|Romance,Veer-Zaara ,Hindi,India,2004,7.9
David Mamet,Drama|Sport,Redbelt ,English,USA,2008,6.8
Jay Duplass,Comedy|Drama|Romance,Cyrus ,English,USA,2010,6.3
Kevin Brodie,Drama|Family,A Dog of Flanders ,English,USA,1999,6.3
Paul Schrader,Biography|Crime|Drama,Auto Focus ,English,USA,2002,6.6
George Hickenlooper,Biography|Drama,Factory Girl ,English,USA,2006,6.4
Lynne Ramsay,Drama|Thriller,We Need to Talk About Kevin ,English,UK,2011,7.5
John Stephenson,Drama|Family,The Christmas Candle ,English,UK,2013,5.8
Tim Chambers,Drama|Sport,The Mighty Macs ,English,USA,2009,6.5
Rodrigo García,Drama|Romance,Mother and Child ,English,USA,2009,7.2
Dick Richards,Adventure|Drama|Romance|War,March or Die ,English,UK,1977,6.3
Jean-Marie Poiré,Comedy|Fantasy|Sci-Fi,Les visiteurs ,French,France,1993,7
Sofia Coppola,Comedy|Drama,Somewhere ,English,USA,2010,6.3
Bob Gosse,Comedy,I Hope They Serve Beer in Hell ,English,USA,2009,5.3
Alex Zamm,Comedy,Chairman of the Board ,English,USA,1998,2.3
Spencer Susser,Drama,Hesher ,English,USA,2010,7.1
Richard Shepard,Comedy|Crime|Drama,Dom Hemingway ,English,UK,2013,6.2
Gus Van Sant,Adventure|Drama|Mystery,Gerry ,English,USA,2002,6.2
Thaddeus O'Sullivan,Drama|Romance,The Heart of Me ,English,UK,2002,6.7
Peter Sollett,Biography|Drama|Romance,Freeheld ,English,USA,2015,6.5
Shari Springer Berman,Comedy,The Extra Man ,English,USA,2010,5.9
Stephen Milburn Anderson,Comedy|Crime|Thriller,Ca$h ,English,USA,2010,6
Richard E. Grant,Drama,Wah-Wah ,English,UK,2005,6.9
Clint Eastwood,Western,Pale Rider ,English,USA,1985,7.3
Richard Linklater,Comedy,Dazed and Confused ,English,USA,1993,7.7
Max Färberböck,Biography|Drama|Romance|War,Aimee & Jaguar ,German,Germany,1999,7.3
Arie Posin,Comedy|Drama,The Chumscrubber ,English,USA,2005,7
Damian Nieman,Crime|Thriller,Shade ,English,USA,2003,6.4
Mark Tonderai,Drama|Horror|Thriller,House at the End of the Street ,English,Canada,2012,5.6
Denis Villeneuve,Drama|Mystery|War,Incendies ,French,Canada,2010,8.2
Gabriele Muccino,Comedy|Drama|Romance,"Remember Me, My Love ",Italian,Italy,2003,6.5
Ian Fitzgibbon,Action|Comedy|Crime|Drama|Romance|Thriller,Perrier's Bounty ,English,Ireland,2009,6.4
José Padilha,Action|Crime|Drama|Thriller,Elite Squad ,Portuguese,Brazil,2007,8.1
John R. Leonetti,Horror|Mystery,Annabelle ,English,USA,2014,5.4
Rachel Perkins,Comedy|Drama|Musical,Bran Nue Dae ,English,Australia,2009,6.3
John Singleton,Crime|Drama,Boyz n the Hood ,English,USA,1991,7.8
Luis Valdez,Biography|Drama|Music,La Bamba ,English,USA,1987,6.8
Brian De Palma,Mystery|Romance|Thriller,Dressed to Kill ,English,USA,1980,7.1
Stephen Sommers,Adventure|Comedy|Drama|Family,The Adventures of Huck Finn ,English,USA,1993,6.2
Doug Liman,Comedy|Crime,Go ,English,USA,1999,7.3
Nicole Holofcener,Comedy|Drama|Romance,Friends with Money ,English,USA,2006,5.9
Louis Morneau,Horror|Sci-Fi|Thriller,Bats ,English,USA,1999,3.6
Caroline Link,Biography|Drama,Nowhere in Africa ,English,Germany,2001,7.7
Steve McQueen,Drama,Shame ,English,UK,2011,7.3
Matthew Vaughn,Crime|Drama|Thriller,Layer Cake ,English,UK,2004,7.4
Sterling Van Wagenen,Drama|Western,The Work and the Glory II: American Zion ,English,USA,2005,6.6
Zal Batmanglij,Drama|Thriller,The East ,English,UK,2013,6.9
Michael Mayer,Drama|Romance,A Home at the End of the World ,English,USA,2004,6.8
Hans Petter Moland,Drama,Aberdeen ,English,UK,2000,7.3
Oren Moverman,Drama|Romance|War,The Messenger ,English,USA,2009,7.2
Anton Corbijn,Biography|Drama|Music,Control ,English,UK,2007,7.7
James Cameron,Action|Sci-Fi,The Terminator ,English,UK,1984,8.1
Wolfgang Becker,Drama|Romance,Good Bye Lenin! ,German,Germany,2003,7.7
Tom Hooper,Biography|Drama|Sport,The Damned United ,English,UK,2009,7.6
Kevin Smith,Comedy|Romance,Mallrats ,English,USA,1995,7.2
Randal Kleiser,Musical|Romance,Grease ,English,USA,1978,7.2
Oliver Stone,Drama|War,Platoon ,English,UK,1986,8.1
Michael Moore,Documentary|Drama|War,Fahrenheit 9/11 ,English,USA,2004,7.5
George Roy Hill,Biography|Crime|Drama|Western,Butch Cassidy and the Sundance Kid ,English,USA,1969,8.1
Robert Stevenson,Comedy|Family|Fantasy|Musical,Mary Poppins ,English,USA,1964,7.8
Robert Redford,Drama,Ordinary People ,English,USA,1980,7.8
Frank Coraci,Action|Adventure|Comedy,Around the World in 80 Days ,English,USA,2004,5.8
Jerome Robbins,Crime|Drama|Musical|Romance|Thriller,West Side Story ,English,USA,1961,7.6
Harold Ramis,Comedy|Sport,Caddyshack ,English,USA,1980,7.4
Gary Hardwick,Comedy|Drama,The Brothers ,English,USA,2001,6.3
Rick Famuyiwa,Comedy|Drama|Romance,The Wood ,English,USA,1999,6.9
Bryan Singer,Crime|Drama|Mystery|Thriller,The Usual Suspects ,English,USA,1995,8.6
Stephen Hopkins,Fantasy|Horror|Romance|Thriller,A Nightmare on Elm Street 5: The Dream Child ,English,USA,1989,5.1
Walt Becker,Comedy|Romance,Van Wilder: Party Liaison ,English,Germany,2002,6.4
Darren Aronofsky,Drama|Sport,The Wrestler ,English,USA,2008,7.9
King Vidor,Drama|Romance|Western,Duel in the Sun ,English,USA,1946,6.9
Christopher Guest,Comedy,Best in Show ,English,USA,2000,7.5
John Carpenter,Action|Sci-Fi,Escape from New York ,English,UK,1981,7.2
Spike Lee,Comedy|Drama|Musical,School Daze ,English,USA,1988,5.8
Fred Savage,Comedy|Family,Daddy Day Camp ,English,USA,2007,2.9
Sammo Kam-Bo Hung,Action|Comedy|Crime,Mr. Nice Guy ,English,Hong Kong,1997,6.2
Christopher Guest,Comedy|Music,A Mighty Wind ,English,USA,2003,7.3
Donald Petrie,Comedy|Drama|Romance,Mystic Pizza ,English,USA,1988,6.2
Peter Howitt,Comedy|Drama|Fantasy|Romance,Sliding Doors ,English,UK,1998,6.8
Rusty Cundieff,Comedy|Horror|Thriller,Tales from the Hood ,English,USA,1995,6.1
Kevin Macdonald,Biography|Drama|History|Thriller,The Last King of Scotland ,English,UK,2006,7.7
Dominique Othenin-Girard,Horror|Thriller,Halloween 5 ,English,USA,1989,5.2
Richard Linklater,Comedy|Crime|Drama,Bernie ,English,USA,2011,6.8
Jean-Jacques Mantello,Adventure|Documentary|Short,Dolphins and Whales 3D: Tribes of the Ocean ,English,UK,2008,6.5
Ed Harris,Biography|Drama,Pollock ,English,USA,2000,7
Risa Bramon Garcia,Comedy|Drama|Romance,200 Cigarettes ,English,USA,1999,5.9
Brian Klugman,Drama|Mystery|Romance|Thriller,The Words ,English,USA,2012,7.1
Matt Piedmont,Comedy|Western,Casa de mi Padre ,Spanish,USA,2012,5.5
Raymond De Felitta,Comedy|Drama,City Island ,English,USA,2009,7.4
John Michael McDonagh,Comedy|Crime|Thriller,The Guard ,English,Ireland,2011,7.3
Deb Hagan,Comedy,College ,English,USA,2008,4.6
Sofia Coppola,Drama|Romance,The Virgin Suicides ,English,USA,1999,7.2
Mark Herman,Comedy|Drama|Music|Romance,Little Voice ,English,UK,1998,7
Zach Cregger,Comedy|Romance,Miss March ,English,USA,2009,5.1
Zach Braff,Comedy|Drama,Wish I Was Here ,English,USA,2014,6.7
Mark Tarlov,Comedy|Drama|Fantasy|Romance,Simply Irresistible ,English,Germany,1999,5.3
John Cameron Mitchell,Comedy|Drama|Music|Musical,Hedwig and the Angry Inch ,English,USA,2001,7.8
Sheldon Lettich,Action|Drama,Only the Strong ,English,USA,1993,6.7
Billy Ray,Drama|History,Shattered Glass ,English,USA,2003,7.2
David Atkins,Comedy|Crime|Drama|Thriller,Novocaine ,English,USA,2001,5.8
Patrick Stettner,Drama|Thriller,The Business of Strangers ,English,USA,2001,6.4
Jonathan Levine,Comedy|Drama|Romance,The Wackness ,English,USA,2008,7
Lynne Ramsay,Drama,Morvern Callar ,English,UK,2002,6.7
Sylvio Tabet,Action|Adventure|Fantasy|Sci-Fi,Beastmaster 2: Through the Portal of Time ,English,USA,1991,3.8
Rick Bieber,Biography|Drama|Sport,The 5th Quarter ,English,USA,2010,5.7
Claude Chabrol,Drama,The Flower of Evil ,French,France,2003,6.6
Shana Feste,Drama|Romance,The Greatest ,English,USA,2009,6.7
Wayne Wang,Drama|History,Snow Flower and the Secret Fan ,English,China,2011,6.1
Joey Lauren Adams,Drama|Romance,Come Early Morning ,English,USA,2006,6.2
Peter Cattaneo,Comedy|Crime|Romance,Lucky Break ,English,UK,2001,6.2
S.R. Bindler,Comedy,"Surfer, Dude ",English,USA,2008,4.7
Tony Kaye,Documentary,Lake of Fire ,English,USA,2006,8.3
Stefan Ruzowitzky,Crime|Drama|Thriller,Deadfall ,English,USA,2012,6.3
Cédric Klapisch,Comedy|Drama,L'auberge espagnole ,French,France,2002,7.3
Kate Barker-Froyland,Drama|Music,Song One ,English,USA,2014,5.8
Barbet Schroeder,Crime|Mystery|Thriller,Murder by Numbers ,English,USA,2002,6.1
Martin Koolhoven,Drama|History|War,Winter in Wartime ,Dutch,Netherlands,2008,7.1
Christopher M. Bessette,Drama|Thriller,Trade of Innocents ,English,USA,2012,5.4
Prachya Pinkaew,Action|Crime|Drama|Thriller,The Protector ,Thai,Thailand,2005,7.1
Gary Sinyor,Comedy,Stiff Upper Lips ,English,UK,1998,6.4
Gurinder Chadha,Comedy|Drama|Romance|Sport,Bend It Like Beckham ,English,UK,2002,6.7
John Sayles,Drama|Romance,Sunshine State ,English,USA,2002,6.9
Preston A. Whitmore II,Action|Sport,Crossover ,English,USA,2006,2.1
Ashish R. Mohan,Action|Comedy,Khiladi 786 ,Hindi,India,2012,4.3
Jaume Balagueró,Horror,[Rec] 2 ,Spanish,Spain,2009,6.6
Stewart Raffill,Musical,Standing Ovation ,English,USA,2010,3.4
George Roy Hill,Comedy|Crime|Drama,The Sting ,English,USA,1973,8.3
Hugh Hudson,Biography|Drama|Sport,Chariots of Fire ,English,UK,1981,7.2
Darren Grant,Comedy|Drama|Romance,Diary of a Mad Black Woman ,English,USA,2005,5.6
Scott Hicks,Biography|Drama|Music|Romance,Shine ,English,Australia,1996,7.7
Joseph Gordon-Levitt,Comedy|Drama|Romance,Don Jon ,English,USA,2013,6.6
Terry Zwigoff,Comedy|Drama,Ghost World ,English,USA,2001,7.4
Richard Eyre,Biography|Drama|Romance,Iris ,English,UK,2001,7.1
Christophe Barratier,Drama|Music,The Chorus ,French,France,2004,7.9
Émile Gaudreault,Comedy|Drama,Mambo Italiano ,English,Canada,2003,6.7
James Cox,Crime|Drama|Mystery|Thriller,Wonderland ,English,USA,2003,6.6
Spike Lee,Drama,Do the Right Thing ,English,USA,1989,7.9
James Toback,Comedy|Crime|Drama|Romance|Thriller,Harvard Man ,English,USA,2001,4.9
Aki Kaurismäki,Comedy|Drama,Le Havre ,French,Finland,2011,7.2
Gaspar Noé,Crime|Drama|Mystery|Thriller,Irreversible ,French,France,2002,7.4
Hitoshi Matsumoto,Comedy|Drama,R100 ,Japanese,Japan,2013,6.1
Rakeysh Omprakash Mehra,Comedy|Drama|History|Romance,Rang De Basanti ,Hindi,India,2006,8.4
George Ratliff,Action|Comedy|Drama|Thriller,Salvation Boulevard ,English,USA,2011,5.3
David Wain,Comedy|Romance,The Ten ,English,USA,2007,5
Shane Meadows,Comedy|Drama,A Room for Romeo Brass ,English,UK,1999,7.7
Morten Tyldum,Crime|Drama|Thriller,Headhunters ,Norwegian,Norway,2011,7.6
Michael McGowan,Comedy|Drama|Sport,Saint Ralph ,English,Canada,2004,7.6
Rohan Sippy,Action|Crime|Drama|Thriller,Dum Maaro Dum ,Hindi,India,2011,6.2
James Wan,Fantasy|Horror|Thriller,Insidious: Chapter 2 ,English,USA,2013,6.6
Darren Lynn Bousman,Horror|Mystery,Saw II ,English,USA,2005,6.6
Dan Trachtenberg,Drama|Horror|Mystery|Sci-Fi|Thriller,10 Cloverfield Lane ,English,USA,2016,7.3
Jeff Tremaine,Comedy|Documentary,Jackass: The Movie ,English,USA,2002,6.6
David F. Sandberg,Horror,Lights Out ,English,USA,2016,6.9
Henry Joost,Horror,Paranormal Activity 3 ,English,USA,2011,5.8
Stiles White,Fantasy|Horror,Ouija ,English,USA,2014,4.4
Chuck Russell,Action|Fantasy|Horror|Thriller,A Nightmare on Elm Street 3: Dream Warriors ,English,USA,1987,6.6
Joel Edgerton,Mystery|Thriller,The Gift ,English,USA,2015,7.1
Eugenio Derbez,Comedy|Drama,Instructions Not Included ,Spanish,Mexico,2013,7.6
Henry Joost,Horror,Paranormal Activity 4 ,English,USA,2012,4.6
Henry Koster,Drama|History,The Robe ,English,USA,1953,6.8
Rachel Talalay,Comedy|Fantasy|Horror|Thriller,Freddy's Dead: The Final Nightmare ,English,USA,1991,4.9
Patty Jenkins,Biography|Crime|Drama|Thriller,Monster ,English,USA,2003,7.3
Christopher Landon,Fantasy|Horror|Thriller,Paranormal Activity: The Marked Ones ,English,USA,2014,5
Jean-Marc Vallée,Biography|Drama,Dallas Buyers Club ,English,USA,2013,8
David Gelb,Horror|Sci-Fi|Thriller,The Lazarus Effect ,English,USA,2015,5.2
Christopher Nolan,Mystery|Thriller,Memento ,English,USA,2000,8.5
Mike Flanagan,Horror|Mystery,Oculus ,English,USA,2013,6.5
Kevin Smith,Comedy,Clerks II ,English,USA,2006,7.4
Stephen Daldry,Drama|Music,Billy Elliot ,English,UK,2000,7.7
Nat Faxon,Comedy|Drama,The Way Way Back ,English,USA,2013,7.4
George Jackson,Comedy|Drama|Music|Romance,House Party 2 ,English,USA,1991,5.1
Maurice Joyce,Animation|Comedy|Family,Doug's 1st Movie ,English,USA,1999,5
Robert Duvall,Drama,The Apostle ,English,USA,1997,7.2
Jesse Peretz,Comedy|Drama,Our Idiot Brother ,English,USA,2011,6.4
Stephen Hopkins,Biography|Drama|Sport,Race ,English,Canada,2016,7.1
Ice Cube,Comedy|Drama,The Players Club ,English,USA,1998,5.6
Tim Blake Nelson,Drama|Romance|Thriller,O ,English,USA,2001,6.2
John Erick Dowdle,Horror|Mystery|Thriller,"As Above, So Below ",English,USA,2014,6.1
Bille Woodruff,Drama|Thriller,Addicted ,Spanish,USA,2014,5.2
Kasi Lemmons,Drama,Eve's Bayou ,English,USA,1997,7.3
Richard Glatzer,Drama,Still Alice ,English,USA,2014,7.5
Rob Hedden,Adventure|Horror,Friday the 13th Part VIII: Jason Takes Manhattan ,English,USA,1989,4.5
Joel Zwick,Comedy|Family|Romance,My Big Fat Greek Wedding ,English,USA,2002,6.6
Harmony Korine,Crime|Drama,Spring Breakers ,English,USA,2012,5.3
Joe Chappelle,Horror|Thriller,Halloween: The Curse of Michael Myers ,English,USA,1995,4.9
Alfonso Cuarón,Adventure|Comedy|Drama|Romance,Y Tu Mamá También ,Spanish,Mexico,2001,7.7
Edgar Wright,Comedy|Horror,Shaun of the Dead ,English,UK,2004,8
Mickey Liddell,Drama|Horror|Thriller,The Haunting of Molly Hartley ,English,USA,2008,3.8
John Sayles,Drama|Mystery,Lone Star ,English,USA,1996,7.6
Dwight H. Little,Horror|Thriller,Halloween 4: The Return of Michael Myers ,English,USA,1988,5.9
Fred Walton,Horror|Mystery,April Fool's Day ,English,USA,1986,6.2
Barry Levinson,Comedy|Drama,Diner ,English,USA,1982,7.2
Steve Carver,Action|Crime|Drama|Thriller|Western,Lone Wolf McQuade ,English,USA,1983,6.3
Gonzalo López-Gallego,Horror|Mystery|Sci-Fi|Thriller,Apollo 18 ,English,USA,2011,5.2
Christine Jeffs,Comedy|Drama,Sunshine Cleaning ,English,USA,2008,6.9
John Erick Dowdle,Action|Thriller,No Escape ,English,USA,2015,6.8
Michael Tiddes,Comedy,Fifty Shades of Black ,English,USA,2016,3.5
Bill Duke,Drama|Romance,Not Easily Broken ,English,USA,2009,6.1
Bille Woodruff,Comedy|Romance,The Perfect Match ,English,USA,2016,4.5
Mamoru Hosoda,Action|Adventure|Animation|Family|Sci-Fi,Digimon: The Movie ,English,USA,2000,5.9
Brian Dannelly,Comedy|Drama,Saved! ,English,USA,2004,6.9
Denys Arcand,Comedy|Crime|Drama|Mystery|Romance,The Barbarian Invasions ,French,Canada,2003,7.7
J.S. Cardone,Horror|Thriller,The Forsaken ,English,USA,2001,5.3
Jay Levey,Comedy|Drama,UHF ,English,USA,1989,7
Nicholaus Goossen,Comedy,Grandma's Boy ,English,USA,2006,7
Tamara Jenkins,Comedy|Drama,Slums of Beverly Hills ,English,USA,1998,6.6
Jon Favreau,Comedy|Crime|Drama|Thriller,Made ,English,USA,2001,6.4
Duncan Jones,Drama|Mystery|Sci-Fi,Moon ,English,UK,2009,7.9
Scott Marshall,Comedy,Keeping Up with the Steins ,English,USA,2006,5.4
Ronan Chapalain,Documentary,Sea Rex 3D: Journey to a Prehistoric World ,English,UK,2010,6.9
Atom Egoyan,Drama,The Sweet Hereafter ,English,Canada,1997,7.7
Xavier Beauvois,Drama,Of Gods and Men ,French,France,2010,7.2
Randall Miller,Comedy|Drama,Bottle Shock ,English,USA,2008,6.8
Peter Jackson,Biography|Crime|Drama|Romance|Thriller,Heavenly Creatures ,English,New Zealand,1994,7.4
Michael Polish,Drama,90 Minutes in Heaven ,English,USA,2015,4.6
Dan Rush,Comedy|Drama,Everything Must Go ,English,USA,2010,6.4
Jake Kasdan,Comedy|Crime|Drama|Mystery|Thriller,Zero Effect ,English,USA,1998,7
Brad Anderson,Drama|Thriller,The Machinist ,English,Spain,2004,7.7
Paul Schrader,Crime|Drama,Light Sleeper ,English,USA,1992,6.8
Michael Cuesta,Biography|Crime|Drama|Mystery|Thriller,Kill the Messenger ,English,USA,2014,7
John Cameron Mitchell,Drama,Rabbit Hole ,English,USA,2010,7
Fenton Bailey,Biography|Crime|Drama|Thriller,Party Monster ,English,USA,2003,6.3
Jeremy Saulnier,Crime|Horror|Music|Thriller,Green Room ,English,USA,2015,7.1
James Manera,Drama|Mystery|Sci-Fi,Atlas Shrugged: Who Is John Galt? ,English,USA,2014,4.4
Wes Anderson,Comedy|Crime|Drama,Bottle Rocket ,English,USA,1996,7.1
Kevin Spacey,Crime|Drama|Thriller,Albino Alligator ,English,USA,1996,6.1
Feroz Abbas Khan,Biography|Drama|History,"Gandhi, My Father ",Hindi,India,2007,7.4
Errol Morris,Crime|Documentary|War,Standard Operating Procedure ,English,USA,2008,7.5
Eli Craig,Comedy|Horror,Tucker and Dale vs Evil ,English,Canada,2010,7.6
Nicholas Fackler,Drama|Romance,"Lovely, Still ",English,USA,2008,7.3
Morgan J. Freeman,Drama,Desert Blue ,English,USA,1998,6.2
M. Night Shyamalan,Horror|Thriller,The Visit ,English,USA,2015,6.2
Brian De Palma,Crime|Thriller|War,Redacted ,English,USA,2007,6.2
Klaus Menzel,Mystery|Romance|Thriller,Fascination ,English,Germany,2004,3.3
William H. Macy,Comedy|Drama|Music,Rudderless ,English,USA,2014,7.5
Jirí Menzel,Comedy|Drama|Romance|War,I Served the King of England ,Czech,Czech Republic,2006,7.4
Fatih Akin,Comedy|Drama,Soul Kitchen ,German,Germany,2009,7.3
Billy Bob Thornton,Drama,Sling Blade ,English,USA,1996,8
Eli Roth,Horror,Hostel ,English,USA,2005,5.9
Michael Winterbottom,Comedy|Drama,Tristram Shandy: A Cock and Bull Story ,English,UK,2005,6.8
Jeff Nichols,Drama|Thriller,Take Shelter ,English,USA,2011,7.4
Frank LaLoggia,Fantasy|Horror|Mystery|Thriller,Lady in White ,English,USA,1988,6.7
Jeremy Brock,Comedy|Drama,Driving Lessons ,English,UK,2006,6.8
Tobe Hooper,Comedy|Horror,The Texas Chainsaw Massacre 2 ,English,USA,1986,5.5
Nicolas Winding Refn,Crime|Drama,Only God Forgives ,English,Denmark,2013,5.7
Shona Auerbach,Drama|Romance,Dear Frankie ,English,UK,2004,7.8
Michel Leclerc,Comedy|Drama|Romance,The Names of Love ,French,France,2010,7.2
Tom Kalin,Drama,Savage Grace ,English,Spain,2007,5.9
Robert Sarkies,Crime|Drama,Out of the Blue ,English,New Zealand,2006,7.3
Hugh Wilson,Comedy,Police Academy ,English,USA,1984,6.7
Mike Newell,Comedy|Drama|Romance,Four Weddings and a Funeral ,English,UK,1994,7.1
Spike Lee,Drama,25th Hour ,English,USA,2002,7.7
Lana Wachowski,Crime|Drama|Romance|Thriller,Bound ,English,USA,1996,7.4
Darren Aronofsky,Drama,Requiem for a Dream ,English,USA,2000,8.4
Carlos Saura,Drama|Musical,Tango ,Spanish,Spain,1998,7.2
Andrew Erwin,Comedy,Moms' Night Out ,English,USA,2014,5.4
Richard Kelly,Drama|Sci-Fi|Thriller,Donnie Darko ,English,USA,2001,8.1
Beto Gómez,Adventure|Comedy|Western,Saving Private Perez ,Spanish,Mexico,2011,6
Mike van Diem,Crime|Drama|Mystery,Character ,Dutch,Netherlands,1997,7.8
Jonas Åkerlund,Comedy|Crime|Drama,Spun ,English,USA,2002,6.8
Todd Solondz,Comedy|Drama,Life During Wartime ,English,USA,2009,6.5
Chan-wook Park,Crime|Drama,Lady Vengeance ,Korean,South Korea,2005,7.7
René Féret,Biography|Drama|Music|Romance,Mozart's Sister ,French,France,2010,6.4
Barry Skolnick,Comedy|Drama|Sport,Mean Machine ,English,UK,2001,6.5
Johnnie To,Action|Crime|Thriller,Exiled ,Cantonese,Hong Kong,2006,7.3
Mateo Gil,Action|Adventure|Western,Blackthorn ,English,Spain,2011,6.6
Lukas Moodysson,Crime|Drama,Lilya 4-Ever ,Russian,Sweden,2002,7.9
Agnieszka Wojtowicz-Vosloo,Drama|Horror|Mystery|Thriller,After.Life ,English,USA,2009,5.9
Milos Forman,Drama,One Flew Over the Cuckoo's Nest ,English,USA,1975,8.7
Ernie Barbarash,Action|Adventure,Falcon Rising ,English,USA,2014,5.8
Nick Love,Action|Crime|Drama,The Sweeney ,English,UK,2012,6.1
Jonathan Glazer,Crime|Thriller,Sexy Beast ,English,UK,2000,7.3
Daniel Espinosa,Action|Crime|Drama|Thriller,Easy Money ,Swedish,Sweden,2010,6.7
Niki Caro,Drama|Family,Whale Rider ,English,New Zealand,2002,7.6
R. Balki,Comedy|Drama,Paa ,Hindi,India,2009,7.2
Joe Wright,Adventure|Family|Fantasy,Pan ,English,USA,2015,5.8
Richard Kwietniowski,Comedy|Drama,Love and Death on Long Island ,English,UK,1997,7.1
Timur Bekmambetov,Fantasy|Thriller,Night Watch ,Russian,Russia,2004,6.5
Neil Jordan,Crime|Drama|Romance|Thriller,The Crying Game ,English,UK,1992,7.3
Bob Clark,Comedy,Porky's ,English,Canada,1981,6.2
George A. Romero,Horror,Survival of the Dead ,English,USA,2009,5
Sofia Coppola,Drama,Lost in Translation ,English,USA,2003,7.8
Woody Allen,Comedy|Romance,Annie Hall ,English,USA,1977,8.1
Cecil B. DeMille,Drama|Family|Romance,The Greatest Show on Earth ,English,USA,1952,6.7
Ridley Scott,Action|Adventure|Drama,Exodus: Gods and Kings ,English,UK,2014,6.1
Marc Forster,Drama|Romance,Monster's Ball ,English,USA,2001,7.1
Henry Hobson,Drama|Horror,Maggie ,English,USA,2015,5.6
Mike Figgis,Drama|Romance,Leaving Las Vegas ,English,USA,1995,7.6
Rob Cohen,Mystery|Thriller,The Boy Next Door ,English,USA,2015,4.6
Lisa Cholodenko,Comedy|Drama,The Kids Are All Right ,English,USA,2010,7.1
John Carpenter,Horror|Sci-Fi|Thriller,They Live ,English,USA,1988,7.3
William Arntz,Comedy|Documentary|Drama|Fantasy|Mystery|Sci-Fi,What the #$*! Do We (K)now!? ,English,USA,2004,5.4
Ed Gass-Donnelly,Drama|Horror|Thriller,The Last Exorcism Part II ,English,France,2013,4
Richard Linklater,Drama,Boyhood ,English,USA,2014,8
Woody Allen,Comedy|Crime|Mystery,Scoop ,English,UK,2006,6.7
Tim Burton,Action|Adventure|Sci-Fi|Thriller,Planet of the Apes ,English,USA,2001,5.7
DJ Pooh,Comedy,The Wash ,English,USA,2001,4.6
DJ Pooh,Comedy,3 Strikes ,English,USA,2000,4
Wayne Kramer,Crime|Drama|Fantasy|Romance,The Cooler ,English,USA,2003,7
Patrick Stettner,Crime|Mystery|Thriller,The Night Listener ,English,USA,2006,5.9
James Melkonian,Comedy|Crime,The Jerky Boys ,English,USA,1995,4.6
Wes Craven,Horror|Mystery|Thriller,My Soul to Take ,English,USA,2010,4.8
J.A. Bayona,Drama|Mystery|Thriller,The Orphanage ,Spanish,Spain,2007,7.5
Michael Tiddes,Comedy|Fantasy,A Haunted House 2 ,English,USA,2014,4.7
Roger Avary,Comedy|Drama|Romance,The Rules of Attraction ,English,USA,2002,6.7
Bob Odenkirk,Comedy|Crime,Let's Go to Prison ,English,USA,2006,6
Allison Anders,Comedy|Fantasy,Four Rooms ,English,USA,1995,6.7
Steven Shainberg,Comedy|Drama|Romance,Secretary ,English,USA,2002,7.1
Rick de Oliveira,Documentary,The Real Cancun ,English,USA,2003,2.7
Oliver Stone,Drama,Talk Radio ,English,USA,1988,7.3
Christopher Guest,Comedy,Waiting for Guffman ,English,USA,1996,7.6
Jeff Franklin,Comedy,Love Stinks ,English,USA,1999,5.8
John Dahl,Comedy|Crime|Romance|Thriller,You Kill Me ,English,USA,2007,6.5
Mike Mills,Comedy|Drama,Thumbsucker ,English,USA,2005,6.6
Dave McKean,Adventure|Fantasy,Mirrormask ,English,UK,2005,6.9
Ron Fricke,Documentary|Music,Samsara ,None,USA,2011,8.5
Ruggero Deodato,Adventure|Fantasy,The Barbarians ,English,USA,1987,4.8
Gavin Wiesen,Drama|Romance,The Art of Getting By ,English,USA,2011,6.6
Mars Callahan,Drama|Thriller,Poolhall Junkies ,English,USA,2002,7
Mike Figgis,Drama,The Loss of Sexual Innocence ,English,USA,1999,5.4
David Gordon Green,Drama,Joe ,English,USA,2013,6.9
Stefan Schwartz,Comedy|Crime|Romance,Shooting Fish ,English,UK,1997,6.6
Renny Harlin,Crime|Drama|Horror|Thriller,Prison ,English,USA,1987,5.9
Robert Lee King,Comedy|Horror|Mystery,Psycho Beach Party ,English,Australia,2000,6.3
Kevin Allen,Comedy,The Big Tease ,English,UK,1999,6.3
Jorge Ramírez Suárez,Drama,"Buen Día, Ramón ",German,Mexico,2013,7.7
David Schwimmer,Crime|Drama|Thriller,Trust ,English,USA,2010,7
Barry Levinson,Comedy,An Everlasting Piece ,English,USA,2000,6.3
Sam Miller,Comedy|Romance,Among Giants ,English,UK,1998,5.9
Anne Fontaine,Drama|Romance,Adore ,English,Australia,2013,6.2
Fernando León de Aranoa,Comedy|Drama,Mondays in the Sun ,Spanish,Spain,2002,7.7
Jim Mickle,Drama|Horror|Sci-Fi,Stake Land ,English,USA,2010,6.5
Stephen Kay,Biography|Drama,The Last Time I Committed Suicide ,English,USA,1997,5.8
Karim Aïnouz,Drama,Futuro Beach ,Portuguese,Brazil,2014,6.1
Ruba Nadda,Drama|Mystery|Romance|Thriller,Inescapable ,English,Canada,2012,5.2
Victor Fleming,Drama|History|Romance|War,Gone with the Wind ,English,USA,1939,8.2
Richard Raymond,Biography|Drama,Desert Dancer ,English,UK,2014,6
Sam Peckinpah,Adventure|War|Western,Major Dundee ,English,USA,1965,6.8
George Sidney,Biography|Comedy|Musical|Romance|Western,Annie Get Your Gun ,English,USA,1950,7
Christopher Morris,Comedy|Crime|Drama,Four Lions ,English,UK,2010,7.3
Peter Stebbings,Comedy|Crime|Drama,Defendor ,English,Canada,2009,6.8
Vincente Minnelli,Adventure|Comedy|Musical|Romance,The Pirate ,English,USA,1948,7.1
Dagur Kári,Drama,The Good Heart ,English,Iceland,2009,6.9
Nicholas Hytner,Comedy|Drama,The History Boys ,English,UK,2006,6.9
Jaume Collet-Serra,Action|Mystery|Thriller,Unknown ,English,UK,2011,6.9
Peter Cattaneo,Comedy|Drama|Music,The Full Monty ,English,UK,1997,7.2
Jim Abrahams,Comedy,Airplane! ,English,USA,1980,7.8
F. Gary Gray,Comedy|Drama,Friday ,English,USA,1995,7.3
Albert Hughes,Crime|Drama|Thriller,Menace II Society ,English,USA,1993,7.5
Michael Gornick,Comedy|Fantasy|Horror|Thriller,Creepshow 2 ,English,USA,1987,6
Robert Eggers,Horror|Mystery,The Witch ,English,USA,2015,6.8
Michael Martin,Comedy,I Got the Hook Up ,English,USA,1998,3.9
Edward Burns,Comedy|Drama|Romance,She's the One ,English,USA,1996,6.1
Bill Condon,Biography|Drama,Gods and Monsters ,English,USA,1998,7.5
Juan José Campanella,Drama|Mystery|Thriller,The Secret in Their Eyes ,Spanish,Argentina,2009,8.2
Sam Raimi,Comedy|Fantasy|Horror|Thriller,Evil Dead II ,English,USA,1987,7.8
Louis C.K.,Action|Adventure|Comedy|Musical,Pootie Tang ,English,USA,2001,5.2
Salvador Carrasco,Drama|History,La otra conquista ,Spanish,Mexico,1998,6.8
André Øvredal,Comedy|Drama|Fantasy|Horror,Trollhunter ,Norwegian,Norway,2010,7
Robert Cary,Comedy|Romance,Ira & Abby ,English,USA,2006,6.5
Akiva Schaffer,Action|Comedy|Sci-Fi,The Watch ,English,USA,2012,5.7
Adam Rapp,Comedy|Drama,Winter Passing ,English,USA,2005,6.4
Angela Robinson,Action|Comedy|Romance,D.E.B.S. ,English,USA,2004,5.3
Warren P. Sonoda,Action|Biography|Crime|Drama|Family|Fantasy,The Masked Saint ,English,Canada,2016,4.7
Charles Ferguson,Documentary,Time to Choose ,English,USA,2015,7
Luc Jacquet,Documentary,March of the Penguins ,French,France,2005,7.6
J.C. Chandor,Biography|Drama|Thriller,Margin Call ,English,USA,2011,7.1
Clark Gregg,Comedy|Drama,Choke ,English,USA,2008,6.5
Damien Chazelle,Drama|Music,Whiplash ,English,USA,2014,8.5
Fernando Meirelles,Crime|Drama,City of God ,Portuguese,Brazil,2002,8.7
Justin Kerrigan,Comedy|Music,Human Traffic ,English,UK,1999,7.1
Karen Moncrieff,Crime|Drama|Mystery,The Dead Girl ,English,USA,2006,6.7
Thomas Vinterberg,Drama,The Hunt ,Danish,Denmark,2012,8.3
Alejandro Monteverde,Drama|Romance,Bella ,English,USA,2006,7.4
Eric Styles,Drama|Romance,Dreaming of Joseph Lees ,English,USA,1999,6.4
Laurent Cantet,Drama,The Class ,French,France,2008,7.5
Max Mayer,Drama|Romance,Adam ,English,USA,2009,7.2
Joshua Marston,Crime|Drama,Maria Full of Grace ,Spanish,Colombia,2004,7.5
Mike Mills,Comedy|Drama|Romance,Beginners ,English,USA,2010,7.2
John Landis,Comedy,Animal House ,English,USA,1978,7.6
Guy Hamilton,Action|Adventure|Thriller,Goldfinger ,English,UK,1964,7.8
Danny Boyle,Drama,Trainspotting ,English,UK,1996,8.2
Spike Lee,Comedy|Documentary,The Original Kings of Comedy ,English,USA,2000,6.6
Tod Williams,Horror,Paranormal Activity 2 ,English,USA,2010,5.7
Kirk Jones,Comedy,Waking Ned Devine ,English,UK,1998,7.4
Michael Moore,Crime|Documentary|Drama,Bowling for Columbine ,English,Germany,2002,8
Yimou Zhang,Drama,Coming Home ,Mandarin,China,2014,7.3
Jack Sholder,Fantasy|Horror,A Nightmare on Elm Street 2: Freddy's Revenge ,English,USA,1985,5.4
James Ivory,Drama|Romance,A Room with a View ,English,UK,1985,7.4
James DeMonaco,Horror|Sci-Fi|Thriller,The Purge ,English,USA,2013,5.7
Scott Derrickson,Horror|Mystery,Sinister ,English,USA,2012,6.8
David Raynr,Biography|Comedy|Documentary,Martin Lawrence Live: Runteldat ,English,USA,2002,5.4
Charles Martin Smith,Comedy|Drama|Family|Sport,Air Bud ,English,USA,1997,5.1
Tom McLoughlin,Horror|Thriller,Jason Lives: Friday the 13th Part VI ,English,USA,1986,5.9
David Lean,Adventure|Drama|War,The Bridge on the River Kwai ,English,UK,1957,8.2
Patrick Read Johnson,Adventure|Comedy|Sci-Fi,Spaced Invaders ,English,USA,1990,5.3
Adam Marcus,Fantasy|Horror|Thriller,Jason Goes to Hell: The Final Friday ,English,USA,1993,4.3
Michel Gondry,Comedy|Documentary|Music,Dave Chappelle's Block Party ,English,USA,2005,7.2
John Maclean,Western,Slow West ,English,UK,2015,6.9
Benny Boom,Action|Comedy|Crime,Next Day Air ,English,USA,2009,5.9
David Raynr,Comedy,Trippin' ,English,USA,1999,5.2
Nnegest Likké,Comedy,Phat Girlz ,English,USA,2006,3
Richard Linklater,Drama|Romance,Before Midnight ,English,USA,2013,7.9
Christopher Leitch,Comedy|Fantasy,Teen Wolf Too ,English,USA,1987,3.2
Don Coscarelli,Action|Fantasy|Horror|Sci-Fi|Thriller,Phantasm II ,English,USA,1988,6.5
Michael Schultz,Drama,Woman Thou Art Loosed ,English,USA,2004,6.9
Patricia Cardoso,Comedy|Drama,Real Women Have Curves ,English,USA,2002,7
Deepa Mehta,Drama|Romance,Water ,Hindi,Canada,2005,7.8
Damien O'Donnell,Comedy|Drama,East Is East ,English,UK,1999,6.9
Peter M. Cohen,Comedy|Romance,Whipped ,English,USA,2000,4.4
Mira Nair,Crime|Drama|History|Romance,Kama Sutra: A Tale of Love ,English,USA,1996,6
Nicole Holofcener,Comedy|Drama,Please Give ,English,USA,2010,6.6
Anthony Hickox,Fantasy|Horror,Warlock: The Armageddon ,English,USA,1993,5.3
Tom Schulman,Comedy|Crime,8 Heads in a Duffel Bag ,English,USA,1997,5.3
Jill Sprecher,Drama,Thirteen Conversations About One Thing ,English,USA,2001,7.1
Darren Stein,Comedy|Crime|Thriller,Jawbreaker ,English,USA,1999,5.4
Julian Schnabel,Biography|Drama,Basquiat ,English,USA,1996,6.9
Noah Baumbach,Comedy|Drama|Romance,Frances Ha ,English,USA,2012,7.4
Gavin Hood,Crime|Drama,Tsotsi ,Zulu,UK,2005,7.3
Todd Solondz,Comedy|Drama,Happiness ,English,USA,1998,7.8
George Gallo,Comedy|Documentary,DysFunktional Family ,English,USA,2003,6.6
Kevin Smith,Comedy|Drama|Horror,Tusk ,English,USA,2014,5.4
Chan-wook Park,Drama|Mystery|Thriller,Oldboy ,Korean,South Korea,2003,8.4
David Nixon,Drama|Family,Letters to God ,English,USA,2010,6.3
Jason Eisener,Action|Comedy|Thriller,Hobo with a Shotgun ,English,Canada,2011,6.1
Enrique Begne,Action|Comedy,Compadres ,English,Mexico,2016,5
Andrea Arnold,Drama,Fish Tank ,English,UK,2009,7.3
Whit Stillman,Comedy|Drama|Romance,Damsels in Distress ,English,USA,2011,5.7
Leslye Headland,Comedy|Romance,Bachelorette ,English,USA,2012,5.3
Tim Heidecker,Comedy,Tim and Eric's Billion Dollar Movie ,English,USA,2012,5.3
Rupert Wyatt,Crime|Drama|Thriller,The Gambler ,English,USA,2014,6
Marco Kreuzpaintner,Comedy|Drama|Romance|Sport,Summer Storm ,German,Germany,2004,7.4
Kate Connor,Drama|History|War,Fort McCoy ,English,USA,2011,5.9
Deon Taylor,Horror|Thriller,Chain Letter ,English,USA,2009,4.1
Jason Alexander,Comedy|Drama,Just Looking ,English,USA,1999,6.7
Xavier Gens,Drama|Sci-Fi|Thriller,The Divide ,English,Germany,2011,5.8
Conor McPherson,Drama|Horror|Romance,The Eclipse ,English,Ireland,2009,6.2
Tim Burton,Adventure|Family|Fantasy,Alice in Wonderland ,English,USA,2010,6.5
Francesca Gregorini,Drama,Tanner Hall ,English,USA,2009,5.9
Kenneth Branagh,Drama|Family|Fantasy|Romance,Cinderella ,English,USA,2015,7
Walter Salles,Drama,Central Station ,Portuguese,Brazil,1998,8
Susan Seidelman,Comedy|Romance,Boynton Beach Club ,English,USA,2005,6.5
Heidi Ewing,Documentary,Freakonomics ,English,USA,2010,6.4
Alexandre Aja,Horror,High Tension ,French,France,2003,6.8
Craig Brewer,Crime|Drama|Music,Hustle & Flow ,English,USA,2005,7.4
Billy Wilder,Comedy|Music|Romance,Some Like It Hot ,English,USA,1959,8.3
John Carl Buechler,Horror,Friday the 13th Part VII: The New Blood ,English,USA,1988,5.3
Victor Fleming,Adventure|Family|Fantasy|Musical,The Wizard of Oz ,English,USA,1939,8.1
Mel Brooks,Comedy,Young Frankenstein ,English,USA,1974,8
George A. Romero,Horror,Diary of the Dead ,English,USA,2007,5.7
Victor Nunez,Drama,Ulee's Gold ,English,USA,1997,7.1
Mel Brooks,Comedy|Western,Blazing Saddles ,English,USA,1974,7.8
Joseph Zito,Horror|Thriller,Friday the 13th: The Final Chapter ,English,USA,1984,5.9
Pawel Pawlikowski,Drama,Ida ,Polish,Poland,2013,7.4
James Ivory,Drama|Romance,Maurice ,English,UK,1987,7.8
Frank Sebastiano,Comedy|Sport,Beer League ,English,USA,2006,6
Rand Ravich,Drama|Sci-Fi|Thriller,The Astronaut's Wife ,English,USA,1999,5.3
Stacy Peralta,Documentary|History|Sport,Riding Giants ,English,USA,2004,7.9
Nacho Vigalondo,Horror|Mystery|Sci-Fi|Thriller,Timecrimes ,Spanish,Spain,2007,7.2
Michael Tiddes,Comedy|Fantasy,A Haunted House ,English,USA,2013,5.1
Dinesh D'Souza,Documentary,2016: Obama's America ,English,USA,2012,5.1
Rob Zombie,Horror,Halloween II ,English,USA,2009,4.9
Tom Hanks,Comedy|Drama|Music,That Thing You Do! ,English,USA,1996,6.9
Tommy Lee Wallace,Horror|Mystery|Sci-Fi,Halloween III: Season of the Witch ,English,USA,1982,4.6
Leslie Small,Comedy|Documentary,Kevin Hart: Let Me Explain ,English,USA,2013,6.7
Gus Van Sant,Drama,My Own Private Idaho ,English,USA,1991,7.1
Zach Braff,Comedy|Drama|Romance,Garden State ,English,USA,2004,7.6
Richard Linklater,Drama|Romance,Before Sunrise ,English,USA,1995,8.1
Alison Maclean,Drama,Jesus' Son ,English,USA,1999,7
Alice Wu,Comedy|Drama|Romance,Saving Face ,English,USA,2004,7.6
Sarah Gavron,Drama,Brick Lane ,English,UK,2007,6.7
Jake Schreier,Comedy|Crime|Drama|Sci-Fi,Robot & Frank ,English,USA,2012,7.1
Isabel Coixet,Drama|Romance,My Life Without Me ,English,Spain,2003,7.6
James Ponsoldt,Comedy|Drama|Romance,The Spectacular Now ,English,USA,2013,7.1
Randall Miller,Comedy|Family|Musical|Romance|Short,Marilyn Hotchkiss' Ballroom Dancing and Charm School ,English,USA,1990,7.1
Larry Charles,Comedy|Documentary|War,Religulous ,English,USA,2008,7.7
Joshua Tickell,Documentary,Fuel ,English,USA,2008,7.6
Tim Boxell,Drama,Valley of the Heart's Delight ,English,USA,2006,6.6
Rawson Marshall Thurber,Comedy|Sport,Dodgeball: A True Underdog Story ,English,USA,2004,6.7
Michael D. Sellers,Comedy|Drama|Family,Eye of the Dolphin ,English,USA,2006,5.7
Reed Cowan,Documentary,8: The Mormon Proposition ,English,USA,2010,7.1
James Dodson,Comedy|Drama|Romance,The Other End of the Line ,English,UK,2008,6.2
Stefan Ruzowitzky,Horror|Thriller,Anatomy ,German,Germany,2000,6.1
Alex Rivera,Drama|Romance|Sci-Fi|Thriller,Sleep Dealer ,Spanish,USA,2008,5.9
James Gunn,Comedy|Crime|Drama,Super ,English,USA,2010,6.8
Spike Lee,Drama|History,Get on the Bus ,English,USA,1996,6.8
Robby Henson,Drama|Horror|Mystery|Thriller,Thr3e ,English,Poland,2006,5.1
Mike Judge,Adventure|Comedy|Sci-Fi,Idiocracy ,English,USA,2006,6.6
Shane Meadows,Crime|Drama,This Is England ,English,UK,2006,7.7
Carmen Marron,Drama|Musical,Go for It! ,English,USA,2011,3.9
Tim McCanlies,Comedy|Drama|Family,"Dancer, Texas Pop. 81 ",English,USA,1998,6.8
Mario Van Peebles,Drama,Redemption Road ,English,USA,2010,5.9
James Algar,Animation|Family|Fantasy|Music,Fantasia ,English,USA,1940,7.8
Steve Miner,Horror|Thriller,Friday the 13th Part III ,English,USA,1982,5.7
Danny Steinmann,Horror|Mystery|Thriller,Friday the 13th: A New Beginning ,English,USA,1985,4.7
Michael Landon Jr.,Drama,The Last Sin Eater ,English,USA,2007,5.9
Jon Gunn,Drama,Do You Believe? ,English,USA,2015,5.9
William Wyler,Drama|Romance|War,The Best Years of Our Lives ,English,USA,1946,8.1
Larry Clark,Biography|Crime|Drama,Bully ,English,USA,2001,7
Petter Næss,Comedy|Drama,Elling ,Norwegian,Norway,2001,7.6
Robert Fontaine,Crime|Drama,Mi America ,English,USA,2015,7.2
Terence Young,Action|Adventure|Thriller,From Russia with Love ,English,UK,1963,7.5
Michael Herz,Action|Comedy|Horror|Sci-Fi,The Toxic Avenger Part II ,English,USA,1989,5.1
David Robert Mitchell,Horror|Mystery,It Follows ,English,USA,2014,6.9
George Miller,Action|Adventure|Sci-Fi|Thriller,Mad Max 2: The Road Warrior ,English,Australia,1981,7.6
Chia-Liang Liu,Action|Comedy,The Legend of Drunken Master ,Cantonese,Hong Kong,1994,7.6
Kimberly Peirce,Biography|Crime|Drama|Romance,Boys Don't Cry ,English,USA,1999,7.6
Chris Kentis,Drama|Horror|Mystery|Thriller,Silent House ,English,France,2011,5.3
Florian Henckel von Donnersmarck,Drama|Thriller,The Lives of Others ,German,Germany,2006,8.5
Alex Kendrick,Drama,Courageous ,English,USA,2011,7
Sylvain Chomet,Animation|Comedy|Drama,The Triplets of Belleville ,French,France,2003,7.8
Chris Eyre,Comedy|Drama,Smoke Signals ,English,Canada,1998,7.2
Shari Springer Berman,Biography|Comedy|Drama,American Splendor ,English,USA,2003,7.5
Richard Linklater,Drama|Romance,Before Sunset ,English,USA,2004,8
Alejandro G. Iñárritu,Drama|Thriller,Amores Perros ,Spanish,Mexico,2000,8.1
Catherine Hardwicke,Drama,Thirteen ,English,USA,2003,6.8
Debra Granik,Drama,Winter's Bone ,English,USA,2010,7.2
Kevin Macdonald,Adventure|Documentary|Drama|Sport,Touching the Void ,English,UK,2003,8.1
Miranda July,Comedy|Drama,Me and You and Everyone We Know ,English,USA,2005,7.4
Charles Ferguson,Crime|Documentary,Inside Job ,English,USA,2010,8.3
Max Joseph,Drama|Music|Romance,We Are Your Friends ,English,UK,2015,6.1
Jim Jarmusch,Action|Crime|Drama|Thriller,Ghost Dog: The Way of the Samurai ,English,France,1999,7.5
David Ayer,Action|Crime|Drama|Thriller,Harsh Times ,English,USA,2005,7
Jerry Jameson,Crime|Drama|Thriller,Captive ,English,USA,2015,5.3
Steven Soderbergh,Comedy|Romance,Full Frontal ,English,USA,2002,4.7
Kevin Tenney,Horror|Mystery|Thriller,Witchboard ,English,UK,1986,5.7
Kenneth Branagh,Drama,Hamlet ,English,UK,1996,7.8
John Cameron Mitchell,Comedy|Drama|Romance,Shortbus ,English,USA,2006,6.5
Ari Folman,Animation|Biography|Documentary|Drama|History|War,Waltz with Bashir ,Hebrew,Israel,2008,8
Gary Rogers,Adventure,"The Book of Mormon Movie, Volume 1: The Journey ",English,USA,2003,3.3
Charles Ferguson,Documentary|War,No End in Sight ,English,USA,2007,8.3
Marielle Heller,Drama|Romance,The Diary of a Teenage Girl ,English,USA,2015,6.9
David Sington,Documentary|History,In the Shadow of the Moon ,English,UK,2007,8.1
Kelly Reichardt,Drama|Western,Meek's Cutoff ,English,USA,2010,6.5
Fenton Bailey,Biography|Documentary|History,Inside Deep Throat ,English,USA,2005,6.8
Bob Giraldi,Crime|Drama|Romance,Dinner Rush ,English,USA,2000,7.3
Jill Sprecher,Comedy|Drama,Clockwatchers ,English,UK,1997,6.4
Huck Botko,Comedy,The Virginity Hit ,English,USA,2010,4.6
David Duchovny,Comedy|Drama,House of D ,English,USA,2004,7
Mitchell Lichtenstein,Comedy|Fantasy|Horror|Thriller,Teeth ,English,USA,2007,5.4
Lance Mungia,Action|Adventure|Comedy|Drama|Music|Sci-Fi,Six-String Samurai ,English,USA,1998,6.7
Michael Dowse,Biography|Comedy|Drama|Music,It's All Gone Pete Tong ,English,UK,2004,7.4
Hue Rhodes,Comedy|Drama,Saint John of Las Vegas ,English,USA,2009,5.8
Roland Emmerich,Drama,Stonewall ,English,USA,2015,4.5
Jugal Hansraj,Animation|Comedy|Family|Romance,Roadside Romeo ,Hindi,India,2008,5.3
Bill Muir,Adventure|Family|Fantasy,The Lost Medallion: The Adventures of Billy Stone ,English,Thailand,2013,4.8
Richard LaGravenese,Comedy|Drama|Musical|Romance,The Last Five Years ,English,USA,2014,5.9
Noah Buschel,Drama,The Missing Person ,English,USA,2009,6.2
Hunter Richards,Drama|Romance,London ,English,UK,2005,6.6
Laurie Collyer,Drama,Sherrybaby ,English,USA,2006,6.6
Bruce McCulloch,Comedy|Crime,Stealing Harvard ,English,USA,2002,5.1
James Watkins,Horror|Thriller,Eden Lake ,English,UK,2008,6.8
Catherine Hardwicke,Thriller,Plush ,English,USA,2013,5.4
Ralph Ziman,Action|Crime|Drama,Gangster's Paradise: Jerusalema ,English,South Africa,2008,7.8
Simon Yin,Thriller,Supercapitalist ,English,USA,2012,3.9
Orson Welles,Crime|Drama|Film-Noir|Mystery|Thriller,The Lady from Shanghai ,English,USA,1947,7.7
Paul Bunnell,Comedy|Fantasy|Musical|Sci-Fi,The Ghastly Love of Johnny X ,English,USA,2012,5.7
Phil Morrison,Comedy|Drama,All Is Bright ,English,USA,2013,5.6
Tim Hunter,Crime|Drama,River's Edge ,English,USA,1986,7.1
Michael Polish,Drama|Fantasy,Northfork ,English,USA,2003,6.4
Rodrigo Cortés,Drama|Mystery|Thriller,Buried ,English,Spain,2010,7
Richard Ayoade,Comedy|Drama|Romance,Submarine ,English,UK,2010,7.3
Pascal Arnold,Drama,One to Another ,French,France,2006,5.8
Kimberly Peirce,Drama|Fantasy|Horror,Carrie ,English,USA,2013,5.9
Remo,Drama|Musical,ABCD (Any Body Can Dance) ,Hindi,India,2013,6.4
Wes Craven,Horror,A Nightmare on Elm Street ,English,USA,1984,7.5
James Marsh,Biography|Crime|Documentary|History|Thriller,Man on Wire ,English,UK,2008,7.8
Jamal Hill,Drama,Brotherly Love ,English,USA,2015,7.2
Daniel Stamm,Drama|Horror|Thriller,The Last Exorcism ,English,France,2010,5.6
Sam Taylor-Johnson,Biography|Drama|Music,Nowhere Boy ,English,UK,2009,7.2
Carlos Carrera,Drama|Romance,El crimen del padre Amaro ,Spanish,Mexico,2002,6.8
Benh Zeitlin,Drama|Fantasy,Beasts of the Southern Wild ,English,USA,2012,7.3
Maggie Greenwald,Drama|Music,Songcatcher ,English,USA,2000,7.3
Vera Farmiga,Drama,Higher Ground ,English,USA,2011,6.3
Morgan Spurlock,Comedy|Documentary,The Greatest Movie Ever Sold ,English,USA,2011,6.6
Khyentse Norbu,Adventure|Drama,Travelers and Magicians ,Dzongkha,Australia,2003,7.5
Tom Tykwer,Crime|Drama,Run Lola Run ,German,Germany,1998,7.8
Lucky McKee,Drama|Horror,May ,English,USA,2002,6.7
Patricia Riggen,Adventure|Drama,Under the Same Moon ,Spanish,Mexico,2007,7.4
Todd Field,Crime|Drama,In the Bedroom ,English,USA,2001,7.5
Steven R. Monroe,Horror|Thriller,I Spit on Your Grave ,English,USA,2010,6.3
Mark Illsley,Comedy|Crime|Romance,"Happy, Texas ",English,USA,1999,6.3
Pawel Pawlikowski,Drama|Romance,My Summer of Love ,English,UK,2004,6.8
Ritesh Batra,Drama|Romance,The Lunchbox ,Hindi,India,2013,7.8
Sally Potter,Drama|Romance,Yes ,English,UK,2004,6.9
Brad J. Silverman,Drama|Music,Grace Unplugged ,English,USA,2013,6.1
Dave Meyers,Comedy|Drama,Foolish ,English,USA,1999,4.3
David M. Matthews,Crime|Drama|Thriller,N-Secure ,English,USA,2010,3.5
Nadine Labaki,Comedy|Drama|Romance,Caramel ,Arabic,France,2007,7.2
Eytan Fox,Comedy|Drama|Romance,The Bubble ,Hebrew,Israel,2006,7.3
Romesh Sharma,Romance,Dil Jo Bhi Kahey... ,English,India,2005,5.1
François Truffaut,Crime|Drama|Romance,Mississippi Mermaid ,French,France,1969,7.2
Adam Goldberg,Drama|Mystery,I Love Your Work ,English,USA,2003,5.4
Zack Snyder,Action|Horror|Thriller,Dawn of the Dead ,English,USA,2004,7.4
Adrienne Shelly,Comedy|Drama|Romance,Waitress ,English,USA,2007,7.1
Newt Arnold,Action|Biography|Drama|Sport,Bloodsport ,English,USA,1988,6.8
Larry Clark,Drama,Kids ,English,USA,1995,7
Noah Baumbach,Comedy|Drama,The Squid and the Whale ,English,USA,2005,7.4
Charles Herman-Wurmfeld,Comedy|Drama|Romance,Kissing Jessica Stein ,English,USA,2001,6.7
Yimou Zhang,Comedy|Drama,"A Woman, a Gun and a Noodle Shop ",Mandarin,China,2009,5.7
Atom Egoyan,Drama|Mystery|Romance,Exotica ,English,Canada,1994,7.2
Vincent Gallo,Comedy|Crime|Drama|Romance,Buffalo '66 ,English,USA,1998,7.5
James Wan,Fantasy|Horror|Mystery|Thriller,Insidious ,English,USA,2010,6.8
Fabián Bielinsky,Crime|Drama|Thriller,Nine Queens ,Spanish,Argentina,2000,7.9
Dror Moreh,Documentary|War,The Gatekeepers ,Hebrew,Israel,2012,7.6
Rebecca Miller,Drama,The Ballad of Jack and Rose ,English,USA,2005,6.7
Maggie Carey,Comedy|Romance,The To Do List ,English,USA,2013,5.8
Roger Avary,Crime|Drama|Thriller,Killing Zoe ,English,France,1993,6.5
Henry Bean,Drama,The Believer ,English,USA,2001,7.2
David Gordon Green,Drama|Romance,Snow Angels ,English,USA,2007,6.9
Brad Anderson,Horror|Mystery,Session 9 ,English,USA,2001,6.5
Jeff Garlin,Comedy|Romance,I Want Someone to Eat Cheese With ,English,USA,2006,6.2
Charles Chaplin,Comedy|Drama|Family,Modern Times ,English,USA,1936,8.6
Pete Jones,Drama,Stolen Summer ,English,USA,2002,6.5
Bruce Campbell,Comedy|Fantasy,My Name Is Bruce ,English,USA,2007,6.3
Mark Brown,Comedy|Drama,The Salon ,English,USA,2005,4.3
Adam Carolla,Comedy,Road Hard ,English,USA,2015,6.1
John Sayles,Drama|War,Amigo ,English,USA,2010,5.8
Bruce McDonald,Fantasy|Horror,Pontypool ,English,Canada,2008,6.7
James Mottern,Drama,Trucker ,English,USA,2008,6.7
Rob Zombie,Drama|Fantasy|Horror|Thriller,The Lords of Salem ,English,USA,2012,5.1
Christopher McQuarrie,Action|Crime|Mystery|Thriller,Jack Reacher ,English,USA,2012,7
William Cottrell,Animation|Family|Fantasy|Musical,Snow White and the Seven Dwarfs ,English,USA,1937,7.7
Lucrecia Martel,Drama,The Holy Girl ,Spanish,Argentina,2004,6.7
Zak Penn,Adventure|Comedy|Horror,Incident at Loch Ness ,English,UK,2004,6.6
Mathieu Amalric,Crime|Romance|Thriller,The Blue Room ,French,France,2014,6.3
Guy Ritchie,Comedy|Crime,"Lock, Stock and Two Smoking Barrels ",English,UK,1998,8.2
Thomas Vinterberg,Drama,The Celebration ,Danish,Denmark,1998,8.1
Steve Buscemi,Comedy|Drama,Trees Lounge ,English,USA,1996,7.2
Ham Tran,Drama,Journey from the Fall ,Vietnamese,USA,2006,7.4
Rich Cowan,Drama,The Basket ,English,USA,1999,6.5
Boris Rodriguez,Comedy|Horror,Eddie: The Sleepwalking Cannibal ,English,Canada,2012,5.7
Harold Becker,Action|Crime|Drama|Thriller,Mercury Rising ,English,USA,1998,6.1
Jonathan Kesselman,Comedy,The Hebrew Hammer ,English,USA,2003,6.2
Arjun Sablok,Comedy|Musical|Romance,Neal 'N' Nikki ,English,India,2005,3.3
Steve Miner,Horror|Mystery|Thriller,Friday the 13th Part 2 ,English,USA,1981,6.1
Youssef Delara,Drama|Music,Filly Brown ,English,USA,2012,5.7
Steven Soderbergh,Drama,"Sex, Lies, and Videotape ",English,USA,1989,7.2
James Wan,Horror|Mystery|Thriller,Saw ,English,USA,2004,7.7
Jay Chandrasekhar,Comedy|Crime|Mystery,Super Troopers ,English,USA,2001,7.1
Claudia Sainte-Luce,Comedy|Drama,The Amazing Catfish ,Spanish,Mexico,2013,7
Scott Derrickson,Drama|Sci-Fi|Thriller,The Day the Earth Stood Still ,English,USA,2008,5.5
Mira Nair,Comedy|Drama|Romance,Monsoon Wedding ,Hindi,India,2001,7.4
Kenneth Lonergan,Drama,You Can Count on Me ,English,USA,2000,7.7
Paul McGuigan,Crime|Drama|Mystery|Thriller,Lucky Number Slevin ,English,Germany,2006,7.8
Jamie Babbit,Comedy|Drama,But I'm a Cheerleader ,English,USA,1999,6.6
David Boyd,Drama|Sport,Home Run ,English,USA,2013,6
Quentin Tarantino,Crime|Drama|Thriller,Reservoir Dogs ,English,USA,1992,8.4
Sergio Leone,Western,"The Good, the Bad and the Ugly ",Italian,Italy,1966,8.9
Anna Muylaert,Comedy|Drama,The Second Mother ,Portuguese,Brazil,2015,7.9
Steve Taylor,Comedy|Drama,Blue Like Jazz ,English,USA,2012,6
Kurt Voss,Comedy|Music,Down and Out with the Dolls ,English,USA,2001,6.1
Léa Pool,Documentary,"Pink Ribbons, Inc. ",English,Canada,2011,7.4
James David Pasternak,Comedy|Documentary,Certifiably Jonathan ,English,USA,2007,6.2
Tom Sanchez,Comedy|Drama,The Knife of Don Juan ,Spanish,USA,2013,7.2
Rob Bowman,Adventure|Comedy|Sport,Airborne ,English,USA,1993,6.2
Rob McKittrick,Comedy,Waiting... ,English,USA,2005,6.8
Shane Meadows,Crime|Drama|Thriller,Dead Man's Shoes ,English,UK,2004,7.7
Jeff Burr,Action|Drama|Horror|Thriller,From a Whisper to a Scream ,English,USA,1987,5.9
Harry Gantz,Documentary|Drama,Sex with Strangers ,English,USA,2002,4.7
Guy Maddin,Comedy|Horror|Musical,Dracula: Pages from a Virgin's Diary ,English,Canada,2002,7
Panos Cosmatos,Sci-Fi|Thriller,Beyond the Black Rainbow ,English,Canada,2010,6.1
Gareth Evans,Action|Crime|Thriller,The Raid: Redemption ,Indonesian,Indonesia,2011,7.6
John G. Avildsen,Drama|Sport,Rocky ,English,USA,1976,8.1
John Carpenter,Fantasy|Horror,The Fog ,English,USA,1980,6.8
Levan Gabriadze,Horror|Mystery|Thriller,Unfriended ,English,USA,2014,5.7
Joe Dante,Horror,The Howling ,English,USA,1981,6.6
Terence Young,Action|Adventure|Thriller,Dr. No ,English,UK,1962,7.3
Bradley Parker,Horror|Mystery|Sci-Fi|Thriller,Chernobyl Diaries ,English,USA,2012,5
Clive Barker,Fantasy|Horror,Hellraiser ,English,UK,1987,7
Harold Cronk,Drama,God's Not Dead 2 ,English,USA,2016,3.4
Jeff Wadlow,Drama|Horror|Mystery|Thriller,Cry_Wolf ,English,USA,2005,5.9
Takao Okawara,Action|Adventure|Drama|Sci-Fi|Thriller,Godzilla 2000 ,Japanese,Japan,1999,6
Derek Cianfrance,Drama|Romance,Blue Valentine ,English,USA,2010,7.4
Duncan Tucker,Adventure|Comedy|Drama,Transamerica ,English,USA,2005,7.4
William Brent Bell,Horror,The Devil Inside ,English,USA,2012,4.2
Russ Meyer,Comedy|Drama|Music,Beyond the Valley of the Dolls ,English,USA,1970,6.2
Davis Guggenheim,Documentary,An Inconvenient Truth ,English,USA,2006,7.5
Martin Scorsese,Biography|Documentary|Music,Shine a Light ,English,USA,2008,7.2
Eli Roth,Adventure|Horror,The Green Inferno ,English,USA,2013,5.4
Ben Lewin,Biography|Comedy|Drama|Romance,The Sessions ,English,USA,2012,7.2
Robert Kenner,Documentary,"Food, Inc. ",English,USA,2008,7.9
Andrew Erwin,Drama,October Baby ,English,USA,2011,6.8
Brad Anderson,Comedy|Drama|Romance,Next Stop Wonderland ,English,USA,1998,6.7
Jason Reitman,Comedy|Drama|Romance,Juno ,English,USA,2007,7.5
Craig Johnson,Comedy|Drama,The Skeleton Twins ,English,USA,2014,6.8
Sean Durkin,Drama|Mystery|Thriller,Martha Marcy May Marlene ,English,USA,2011,6.9
Gillian Robespierre,Comedy|Drama,Obvious Child ,English,USA,2014,6.8
Courtney Hunt,Crime|Drama,Frozen River ,English,USA,2008,7.2
Morgan Neville,Documentary|Music,20 Feet from Stardom ,English,USA,2013,7.4
James Toback,Comedy|Drama,Two Girls and a Guy ,English,USA,1997,5.6
Nicole Holofcener,Comedy|Drama|Romance,Walking and Talking ,English,UK,1996,6.8
Peter Cattaneo,Comedy|Drama|Music,The Full Monty ,English,UK,1997,7.2
Chris Paine,Documentary,Who Killed the Electric Car? ,English,USA,2006,7.7
Greg Berlanti,Comedy|Drama|Romance|Sport,The Broken Hearts Club: A Romantic Comedy ,English,USA,2000,7
Rob Letterman,Adventure|Comedy|Family|Fantasy|Horror,Goosebumps ,English,USA,2015,6.4
Marc Levin,Drama,Slam ,English,USA,1998,7.2
Richard Dutcher,Crime|Drama|Mystery,Brigham City ,English,USA,2001,7.2
Khalid Mohamed,Drama|Romance,Fiza ,Hindi,India,2000,6.2
Trey Parker,Comedy|Sci-Fi,Orgazmo ,English,USA,1997,6.2
David Gordon Green,Drama|Romance,All the Real Girls ,English,USA,2003,6.9
Finn Taylor,Comedy|Drama,Dream with the Fishes ,English,USA,1997,7
Karen Moncrieff,Drama,Blue Car ,English,USA,2002,6.7
José Luis Valenzuela,Comedy|Romance,Luminarias ,English,USA,2000,3.6
Gia Coppola,Drama,Palo Alto ,English,USA,2013,6.3
Scandar Copti,Crime|Drama,Ajami ,Arabic,Germany,2009,7.4
Goran Dukic,Comedy|Drama|Fantasy|Romance,Wristcutters: A Love Story ,English,USA,2006,7.4
Mike Cahill,Drama|Romance|Sci-Fi,I Origins ,English,USA,2014,7.3
Efram Potelle,Comedy|Drama|Romance,The Battle of Shaker Heights ,English,USA,2003,6.1
Peter Jackson,Drama|Fantasy|Thriller,The Lovely Bones ,English,USA,2009,6.7
Joshua Oppenheimer,Biography|Crime|Documentary|History,The Act of Killing ,Indonesian,UK,2012,8.2
Alex Gibney,Crime|Documentary|War,Taxi to the Dark Side ,English,USA,2007,7.7
Paul Crowder,Documentary|Sport,Once in a Lifetime: The Extraordinary Story of the New York Cosmos ,English,UK,2006,7.3
Rohit Jagessar,Drama,Guiana 1838 ,English,USA,2004,7.4
Griffin Dunne,Comedy|Drama,Lisa Picard Is Famous ,English,USA,2000,5.7
Anthony Powell,Adventure|Biography|Documentary|Drama,Antarctica: A Year on Ice ,English,New Zealand,2013,7.6
Kief Davidson,Documentary,A Lego Brickumentary ,English,Denmark,2014,6.8
Johnny Remo,Action|Drama,Hardflip ,English,USA,2012,5.6
Vivek Agnihotri,Thriller,Chocolate: Deep Dark Secrets ,Hindi,India,2005,4.8
Ti West,Horror,The House of the Devil ,English,USA,2009,6.4
Nick Tomnay,Comedy|Crime|Thriller,The Perfect Host ,English,USA,2010,6.8
John Hamburg,Comedy|Crime,Safe Men ,English,USA,1998,6.1
Dan Zukovic,Comedy|Drama,The Last Big Thing ,English,USA,1996,6.9
Craig Mazin,Action|Comedy|Fantasy|Sci-Fi,The Specials ,English,USA,2000,6
Eric Nicholas,Crime|Drama|Thriller,Alone with Her ,English,USA,2006,6.1
Benjamin Dickinson,Drama|Sci-Fi,Creative Control ,English,USA,2015,5.5
Hal Haberman,Comedy|Drama|Sci-Fi,Special ,English,USA,2006,6.9
Darren Stein,Comedy|Drama,Sparkler ,English,USA,1997,5.6
Brian Trenchard-Smith,Action|Drama,In Her Line of Fire ,English,Germany,2006,4.1
Frank Whaley,Comedy|Drama,The Jimmy Show ,English,USA,2001,5.4
Danny Boyle,Crime|Drama|Mystery|Thriller,Trance ,English,UK,2013,7
Elia Kazan,Crime|Drama|Romance,On the Waterfront ,English,USA,1954,8.2
Kat Coiro,Comedy,L!fe Happens ,English,USA,2011,5.7
Cristian Mungiu,Drama,"4 Months, 3 Weeks and 2 Days ",Romanian,Romania,2007,7.9
David Slade,Crime|Drama|Thriller,Hard Candy ,English,USA,2005,7.1
Jamie Babbit,Drama|Thriller,The Quiet ,English,USA,2005,6.4
Maryam Keshavarz,Drama,Circumstance ,Persian,France,2011,5.9
Ryan Coogler,Biography|Drama|Romance,Fruitvale Station ,English,USA,2013,7.5
Ramaa Mosley,Comedy|Fantasy|Thriller,The Brass Teapot ,English,USA,2012,6.4
James Algar,Animation|Drama|Family,Bambi ,English,USA,1942,7.4
Charles Herman-Wurmfeld,Comedy|Romance|Sport,The Hammer ,English,USA,2007,7.3
Ric Roman Waugh,Action|Drama|Thriller,Snitch ,English,USA,2013,6.5
C. Jay Cox,Comedy|Drama|Romance,Latter Days ,English,USA,2003,7.2
Jamie Travis,Comedy,"For a Good Time, Call... ",English,USA,2012,6
Lee Toland Krieger,Comedy|Drama|Romance,Celeste & Jesse Forever ,English,USA,2012,6.7
Rich Christiano,Drama|Fantasy|Sci-Fi,Time Changer ,English,USA,2002,5.6
Asghar Farhadi,Drama|Mystery,A Separation ,Persian,Iran,2011,8.4
Todd Solondz,Comedy|Drama,Welcome to the Dollhouse ,English,USA,1995,7.5
Victor Nunez,Drama|Romance,Ruby in Paradise ,English,USA,1993,7.2
Peter Sollett,Drama|Romance,Raising Victor Vargas ,English,France,2002,7.2
Georg Wilhelm Pabst,Crime|Drama|Romance,Pandora's Box ,German,Germany,1929,8
Rod Lurie,Drama|Thriller,Deterrence ,English,France,1999,6.5
Catherine Jelski,Drama,The Young Unknowns ,English,USA,2000,4.2
Shane Dawson,Comedy,Not Cool ,English,USA,2014,5.1
Tommy Wirkola,Comedy|Horror,Dead Snow ,Norwegian,Norway,2009,6.4
Ryan Little,Action|Adventure|Drama|War,Saints and Soldiers ,English,USA,2003,6.8
George Lucas,Comedy|Drama|Music,American Graffiti ,English,USA,1973,7.5
Matt Maiellaro,Action|Adventure|Animation|Comedy|Fantasy|Sci-Fi,Aqua Teen Hunger Force Colon Movie Film for Theaters ,English,USA,2007,6.9
Colin Trevorrow,Comedy|Drama|Romance,Safety Not Guaranteed ,English,USA,2012,7
Leslie Small,Comedy|Documentary,Kevin Hart: Laugh at My Pain ,English,USA,2011,7.5
Ben Wheatley,Crime|Horror|Thriller,Kill List ,English,UK,2011,6.3
Ti West,Horror,The Innkeepers ,English,USA,2011,5.5
David S. Goyer,Drama|Fantasy|Horror|Mystery|Thriller,The Unborn ,English,USA,2009,4.8
Neil Burger,Drama,Interview with the Assassin ,English,USA,2002,6.6
Oliver Blackburn,Crime|Drama|Horror|Thriller,Donkey Punch ,English,UK,2008,5.2
Steve James,Documentary|Drama|Sport,Hoop Dreams ,English,USA,1994,8.3
David LaChapelle,Documentary|Music,Rize ,English,USA,2005,7.1
Michael Cuesta,Crime|Drama,L.I.E. ,English,USA,2001,7.2
Peter Jackson,Action|Adventure|Drama|Romance,King Kong ,English,New Zealand,2005,7.2
Jaume Collet-Serra,Horror,House of Wax ,English,Australia,2005,5.3
Ryan Fleck,Drama,Half Nelson ,English,USA,2006,7.2
Jennifer Wynne Farmer,Drama,Naturally Native ,English,USA,1998,6.5
Christopher Scott Cherot,Comedy,Hav Plenty ,English,USA,1997,6.5
Randy Moore,Fantasy|Horror,Escape from Tomorrow ,English,USA,2013,5.2
Mark Sandrich,Comedy|Musical|Romance,Top Hat ,English,USA,1935,7.8
Daniel Myrick,Horror,The Blair Witch Project ,English,USA,1999,6.4
Michael Wadleigh,Documentary|History|Music,Woodstock ,English,USA,1970,8.1
Jon Gunn,Action|Crime|Drama,Mercy Streets ,English,USA,2000,5.6
Gene Teigland,Mystery|Thriller,Arnolds Park ,English,USA,2007,5.6
Scott Ziehl,Drama,Broken Vessels ,English,USA,1998,6.6
Richard Montoya,Crime|Drama,Water & Power ,English,USA,2013,6.3
Richard Lester,Comedy|Musical,A Hard Day's Night ,English,UK,1964,7.7
U. Roberto Romano,Documentary,The Harvest/La Cosecha ,English,USA,2011,7.2
Alex Kendrick,Drama|Romance,Fireproof ,English,USA,2008,6.5
Joe Camp,Adventure|Family|Romance,Benji ,English,USA,1974,6.1
Chris Kentis,Adventure|Biography|Drama|Horror|Thriller,Open Water ,English,USA,2003,5.7
John 'Bud' Cardos,Horror|Sci-Fi,Kingdom of the Spiders ,English,USA,1977,5.9
Marilyn Agrelo,Documentary|Family|Music,Mad Hot Ballroom ,English,USA,2005,7.5
Tom McCarthy,Comedy|Drama,The Station Agent ,English,USA,2003,7.7
Brian Baugh,Drama,To Save a Life ,English,USA,2009,7.1
Patrick Creadon,Documentary,Wordplay ,English,USA,2006,7.4
Barry W. Blaustein,Biography|Documentary|Sport,Beyond the Mat ,English,USA,1999,7.6
Kurt Hale,Comedy|Drama|Romance,The Singles Ward ,English,USA,2002,6.4
Siddiq Barmak,Drama,Osama ,Dari,Afghanistan,2003,7.4
Joseph Dorman,Documentary,Sholem Aleichem: Laughing in the Darkness ,English,USA,2011,6.8
Greg Harrison,Drama|Music,Groove ,English,USA,2000,6.5
Kurt Hale,Comedy|Crime|Family,The R.M. ,English,USA,2003,6
Michael Polish,Drama,Twin Falls Idaho ,English,USA,1999,7.3
Jacob Aaron Estes,Crime|Drama,Mean Creek ,English,USA,2004,7.3
Morgan J. Freeman,Crime|Drama|Romance,Hurricane Streets ,English,USA,1997,6.5
Eric Schaeffer,Comedy|Romance,Never Again ,English,USA,2001,6
Neema Barnette,Crime|Drama|Thriller,Civil Brand ,English,USA,2002,5.3
Steve Buscemi,Comedy|Drama,Lonesome Jim ,English,USA,2005,6.6
Joe Swanberg,Comedy|Drama|Romance,Drinking Buddies ,English,USA,2013,6.1
Molly Bernstein,Documentary,Deceptive Practice: The Mysteries and Mentors of Ricky Jay ,English,USA,2012,7.1
Akira Kurosawa,Action|Adventure|Drama,Seven Samurai ,Japanese,Japan,1954,8.7
Marius A. Markevicius,Documentary|Sport,The Other Dream Team ,English,USA,2012,8.4
Justin Lin,Comedy,Finishing the Game: The Search for a New Bruce Lee ,English,USA,2007,6.2
Quentin Dupieux,Comedy|Fantasy|Horror,Rubber ,English,France,2010,5.8
Tim Johnson,Adventure|Animation|Comedy|Family|Fantasy|Sci-Fi,Home ,English,USA,2015,6.7
C. Jay Cox,Comedy|Romance,Kiss the Bride ,English,USA,2007,5.7
Alex Smith,Drama|Sport,The Slaughter Rule ,English,USA,2002,6.1
Gareth Edwards,Drama|Sci-Fi|Thriller,Monsters ,English,UK,2010,6.4
Sol Tryon,Comedy,The Living Wake ,English,USA,2007,6.5
Alex Craig Mann,Comedy|Horror,Detention of the Dead ,English,USA,2012,4.6
Andrew Niccol,Drama|Thriller,Good Kill ,English,USA,2014,6.4
Tamra Davis,Comedy|Drama,Crossroads ,English,USA,2002,3.3
Catherine Gund,Action|Biography|Documentary|Sport,Born to Fly: Elizabeth Streb vs. Gravity ,English,USA,2014,6.8
Sam Raimi,Adventure|Family|Fantasy,Oz the Great and Powerful ,English,USA,2013,6.4
Matty Rich,Crime|Drama,Straight Out of Brooklyn ,English,USA,1991,5.9
Paul Greengrass,Drama|History|War,Bloody Sunday ,English,UK,2002,7.7
Hans Canosa,Comedy|Drama|Romance,Conversations with Other Women ,English,UK,2005,7.1
Lloyd Kaufman,Comedy|Horror|Musical,Poultrygeist: Night of the Chicken Dead ,English,USA,2006,6.2
Lloyd Bacon,Comedy|Musical|Romance,42nd Street ,English,USA,1933,7.7
Whit Stillman,Comedy|Drama|Romance,Metropolitan ,English,USA,1990,7.5
Kay Pollak,Comedy|Drama|Music|Romance,As It Is in Heaven ,Swedish,Sweden,2004,7.6
Jared Hess,Comedy,Napoleon Dynamite ,English,USA,2004,6.9
Jeremy Saulnier,Crime|Drama|Thriller,Blue Ruin ,English,USA,2013,7.1
Oren Peli,Horror,Paranormal Activity ,English,USA,2007,6.3
Stacy Peralta,Documentary|Sport,Dogtown and Z-Boys ,English,USA,2001,7.7
Terry Gilliam,Adventure|Comedy|Fantasy,Monty Python and the Holy Grail ,English,UK,1975,8.3
Richard Glatzer,Drama,Quinceañera ,Spanish,USA,2006,7.1
Sue Corcoran,Comedy|Fantasy|Horror|Musical,Gory Gory Hallelujah ,English,USA,2003,4.7
Jonathan Caouette,Biography|Documentary,Tarnation ,English,USA,2003,7.2
Ray Griggs,Documentary,I Want Your Money ,English,USA,2010,5.1
Lucio Fulci,Horror,The Beyond ,Italian,Italy,1981,6.9
Tom Vaughan,Comedy|Romance,What Happens in Vegas ,English,USA,2008,6.1
Ari Kirschenbaum,Drama|Horror|Mystery|Thriller,Fabled ,English,USA,2002,5.8
Roger Nygard,Documentary,Trekkies ,English,USA,1997,7
Harry Beaumont,Musical|Romance,The Broadway Melody ,English,USA,1929,6.3
Franck Khalfoun,Horror|Thriller,Maniac ,English,France,2012,6.1
Mor Loushy,Documentary|History,Censored Voices ,Hebrew,Israel,2015,7.2
Henry Alex Rubin,Documentary|Sport,Murderball ,English,USA,2005,7.8
Sam Firstenberg,Action|Drama,American Ninja 2: The Confrontation ,English,USA,1987,4.7
Doug Block,Documentary,51 Birch Street ,English,Germany,2005,7.5
John Carpenter,Horror|Thriller,Halloween ,English,USA,1978,7.9
Paul Fierlinger,Animation|Drama,My Dog Tulip ,English,USA,2009,6.9
Yorgos Lanthimos,Drama|Thriller,Dogtooth ,Greek,Greece,2009,7.3
Lauren Lazin,Biography|Documentary|Music,Tupac: Resurrection ,English,USA,2003,8
Gavin O'Connor,Comedy|Drama,Tumbleweeds ,English,USA,1999,6.7
Gregory Widen,Action|Fantasy|Horror|Mystery|Thriller,The Prophecy ,English,USA,1995,6.6
Cédric Klapisch,Comedy|Romance,When the Cat's Away ,French,France,1996,6.9
Peter Hedges,Comedy|Drama,Pieces of April ,English,USA,2003,7.1
Kelly Reichardt,Drama,Old Joy ,English,USA,2006,6.7
Kelly Reichardt,Drama,Wendy and Lucy ,English,USA,2008,7.1
Florence Ayisi,Documentary,Sisters in Law ,English,Cameroon,2005,7.5
Pan Nalin,Documentary,Ayurveda: Art of Being ,English,India,2001,7.6
Michael Roemer,Drama|Romance,Nothing But a Man ,English,USA,1964,8.1
Jesse Peretz,Drama|Romance,"First Love, Last Rites ",English,USA,1997,5.5
Eddie O'Flaherty,Drama|Sport,Fighting Tommy Riley ,English,USA,2004,6.6
Julie Taymor,Drama|Fantasy|Musical|Romance,Across the Universe ,English,USA,2007,7.4
John D. Hancock,Drama|Music,The Looking Glass ,English,USA,2015,6.6
Bruce Dellis,Thriller,Locker 13 ,English,USA,2014,4.8
Craig Zobel,Biography|Crime|Drama|Thriller,Compliance ,English,USA,2012,6.4
Kevin Smith,Comedy|Drama|Romance,Chasing Amy ,English,USA,1997,7.3
Nicole Holofcener,Comedy|Drama|Romance,Lovely & Amazing ,English,USA,2001,6.9
Justin Lin,Crime|Drama|Romance,Better Luck Tomorrow ,English,USA,2002,7.2
Maria Maggenti,Comedy|Drama|Romance,The Incredibly True Adventure of Two Girls in Love ,English,USA,1995,6.5
Miguel Arteta,Comedy|Drama,Chuck & Buck ,English,USA,2000,6.6
Piyush Dinker Pandya,Comedy|Drama|Romance,American Desi ,English,USA,2001,6.7
Vincenzo Natali,Mystery|Sci-Fi|Thriller,Cube ,English,Canada,1997,7.3
Emma-Kate Croghan,Comedy|Romance,Love and Other Catastrophes ,English,Australia,1996,6.4
Bill Plympton,Animation|Comedy|Drama|Fantasy|Sci-Fi,I Married a Strange Person! ,English,USA,1997,7
Greg Harrison,Drama|Mystery|Thriller,November ,English,USA,2004,5.5
Drake Doremus,Drama|Romance,Like Crazy ,English,USA,2011,6.7
Allison Anders,Comedy|Music,Sugar Town ,English,UK,1999,6.1
Michael Kang,Comedy|Drama,The Motel ,Cantonese,USA,2005,6.8
Paul Schrader,Drama|Thriller,The Canyons ,English,USA,2013,3.9
Jeff Nichols,Drama|Thriller,Shotgun Stories ,English,USA,2007,7.3
Hilary Brougher,Sci-Fi,The Sticky Fingers of Time ,English,USA,1997,6.3
Nicolas Winding Refn,Action|Biography|Crime|Drama,Bronson ,English,UK,2008,7.1
Tom Putnam,Documentary,Burn ,English,USA,2012,7.5
Jon Shear,Drama,Urbania ,English,USA,2000,7
Eugène Lourié,Adventure|Horror|Sci-Fi,"The Beast from 20,000 Fathoms ",English,USA,1953,6.7
Doug Liman,Comedy|Drama,Swingers ,English,USA,1996,7.4
Sergio Leone,Action|Drama|Western,A Fistful of Dollars ,Italian,Italy,1964,8
Maurizio Benazzo,Documentary,Short Cut to Nirvana: Kumbh Mela ,English,USA,2004,7.2
David G. Evans,Drama,The Grace Card ,English,USA,2010,6.4
Ava DuVernay,Drama,Middle of Nowhere ,English,USA,2012,6.5
Tom Tykwer,Comedy|Drama|Romance,3 ,German,Germany,2010,6.8
Sherman Alexie,Drama|Music,The Business of Fancydancing ,English,USA,2002,6.9
Justin Dillon,Documentary|History|Music,Call + Response ,English,USA,2008,7.5
Steven Soderbergh,Crime|Drama|Thriller,Side Effects ,English,USA,2013,7.1
Jay Duplass,Comedy|Drama|Horror|Romance,Baghead ,English,USA,2008,6
Marianna Palka,Comedy|Drama|Romance,Good Dick ,English,USA,2008,6.5
Ricki Stern,Crime|Documentary,The Trials of Darryl Hunt ,English,USA,2006,7.7
Majid Majidi,Drama|Family,Children of Heaven ,Persian,Iran,1997,8.5
Andrew Haigh,Drama|Romance,Weekend ,English,UK,2011,7.7
Spike Lee,Comedy|Romance,She's Gotta Have It ,English,USA,1986,6.5
Mike Cahill,Drama|Romance|Sci-Fi,Another Earth ,English,USA,2011,7
Melvin Van Peebles,Crime|Drama|Thriller,Sweet Sweetback's Baadasssss Song ,English,USA,1971,5.5
Gary Winick,Comedy|Drama|Romance,Tadpole ,English,USA,2000,6.3
John Carney,Drama|Music|Romance,Once ,English,Ireland,2007,7.9
Robinson Devor,Comedy,The Woman Chaser ,English,USA,1999,7.3
Michel Orion Scott,Documentary,The Horse Boy ,English,USA,2009,7.4
Tobe Hooper,Horror|Thriller,The Texas Chain Saw Massacre ,English,USA,1974,7.5
Dena Seidel,Adventure|Documentary,Antarctic Edge: 70° South ,English,USA,2015,7
Sara Newens,Documentary,Top Spin ,English,USA,2014,7.1
Michael Moore,Documentary,Roger & Me ,English,USA,1989,7.5
Zal Batmanglij,Drama|Mystery|Sci-Fi|Thriller,Sound of My Voice ,English,USA,2011,6.7
Lynn Shelton,Comedy|Drama,Your Sister's Sister ,English,USA,2011,6.7
Alex Kendrick,Drama|Sport,Facing the Giants ,English,USA,2006,6.7
Travis Cluff,Horror|Thriller,The Gallows ,English,USA,2015,4.2
Robert Townsend,Comedy,Hollywood Shuffle ,English,USA,1987,7
Peter Chelsom,Comedy|Drama,The Mighty ,English,USA,1998,7.3
Larry Blamire,Comedy|Horror|Sci-Fi,The Lost Skeleton of Cadavra ,English,USA,2001,7
E.L. Katz,Comedy|Crime|Drama|Horror|Thriller,Cheap Thrills ,English,USA,2013,6.8
Dennis Iliadis,Crime|Horror|Thriller,The Last House on the Left ,English,USA,2009,6.6
Darren Aronofsky,Drama|Mystery|Thriller,Pi ,English,USA,1998,7.5
Julie Davis,Comedy|Romance,"I Love You, Don't Touch Me! ",English,USA,1997,5.4
Myles Berkowitz,Biography|Comedy|Romance,20 Dates ,English,USA,1998,5.3
Morgan Spurlock,Comedy|Documentary|Drama,Super Size Me ,English,USA,2004,7.3
Brandon Trost,Comedy,The FP ,English,USA,2011,5.6
Joe Swanberg,Comedy|Drama,Happy Christmas ,English,USA,2014,5.6
Edward Burns,Comedy|Drama|Romance,The Brothers McMullen ,English,USA,1995,6.6
Lena Dunham,Comedy|Drama|Romance,Tiny Furniture ,English,USA,2010,6.3
David Gordon Green,Drama,George Washington ,English,USA,2000,7.5
Kevin Jordan,Comedy|Romance,Smiling Fish & Goat on Fire ,English,USA,1999,7.6
Martin Scorsese,Documentary|Music,The Last Waltz ,English,USA,1978,8.2
Bradley Rust Gray,Drama,The Exploding Girl ,English,USA,2009,6.3
Mike Bruce,Western,The Legend of God's Gun ,English,USA,2007,4.1
Ben Wheatley,Comedy|Crime|Drama,Down Terrace ,English,UK,2009,6.5
Kevin Smith,Comedy,Clerks ,English,USA,1994,7.8
James Bidgood,Drama|Fantasy,Pink Narcissus ,English,USA,1971,6.7
Neil LaBute,Comedy|Drama,In the Company of Men ,English,Canada,1997,7.3
David Ayer,Action|Crime|Drama|Thriller,Sabotage ,English,USA,2014,5.7
Richard Linklater,Comedy|Drama,Slacker ,English,USA,1991,7.1
Jay Duplass,Comedy|Drama|Romance,The Puffy Chair ,English,USA,2005,6.6
Daryl Wein,Romance,Breaking Upwards ,English,USA,2009,6.2
John Waters,Comedy|Crime|Horror,Pink Flamingos ,English,USA,1972,6.1
Olivier Assayas,Drama|Music|Romance,Clean ,French,France,2004,6.9
Jafar Panahi,Drama,The Circle ,Persian,Iran,2000,7.5
Kiyoshi Kurosawa,Crime|Horror|Mystery|Thriller,The Cure ,Japanese,Japan,1997,7.4
Shane Carruth,Drama|Sci-Fi|Thriller,Primer ,English,USA,2004,7
Neill Dela Llana,Thriller,Cavite ,English,Philippines,2005,6.3
Robert Rodriguez,Action|Crime|Drama|Romance|Thriller,El Mariachi ,Spanish,USA,1992,6.9
Edward Burns,Comedy|Drama,Newlyweds ,English,USA,2011,6.4
Daniel Hsia,Comedy|Drama|Romance,Shanghai Calling ,English,USA,2012,6.3
Jon Gunn,Documentary,My Date with Drew ,English,USA,2004,6.6
